model,target_task,K,sensitivity_mean_drop,on_target_drop,off_target_mean_drop,mean_accuracy,baseline_accuracy
Llama-3.1-8B-Instruct,ceo_lastname,0,0.0,0.0,0.0,0.9166666666666666,0.9166666666666666
Llama-3.1-8B-Instruct,ceo_lastname,8,0.5625,0.75,0.5357142857142857,0.3541666666666667,0.9166666666666666
Llama-3.1-8B-Instruct,ceo_lastname,16,0.8645833333333333,0.8333333333333333,0.869047619047619,0.05208333333333333,0.9166666666666666
Llama-3.1-8B-Instruct,ceo_lastname,32,0.9166666666666666,0.9166666666666666,0.9166666666666666,0.0,0.9166666666666666
Llama-3.1-8B-Instruct,ceo_lastname,48,0.9010416666666666,0.9166666666666666,0.8988095238095237,0.015625,0.9166666666666666
Llama-3.1-8B-Instruct,ceo_lastname,64,0.9166666666666666,0.9166666666666666,0.9166666666666666,0.0,0.9166666666666666
Llama-3.1-8B-Instruct,ceo_lastname,96,0.9114583333333333,0.9166666666666666,0.9107142857142857,0.005208333333333333,0.9166666666666666
Llama-3.1-8B-Instruct,ceo_lastname,128,0.9166666666666666,0.9166666666666666,0.9166666666666666,0.0,0.9166666666666666
Llama-3.1-8B-Instruct,employees_count_total,0,0.0,0.0,0.0,0.9583333333333334,0.9583333333333334
Llama-3.1-8B-Instruct,employees_count_total,8,0.46875000000000006,0.9166666666666667,0.4047619047619048,0.4895833333333333,0.9583333333333334
Llama-3.1-8B-Instruct,employees_count_total,16,0.8125,0.9166666666666667,0.7976190476190477,0.14583333333333331,0.9583333333333334
Llama-3.1-8B-Instruct,employees_count_total,32,0.9166666666666667,0.9583333333333334,0.9107142857142857,0.041666666666666664,0.9583333333333334
Llama-3.1-8B-Instruct,employees_count_total,48,0.9270833333333334,0.9583333333333334,0.9226190476190477,0.03125,0.9583333333333334
Llama-3.1-8B-Instruct,employees_count_total,64,0.9270833333333334,0.9583333333333334,0.9226190476190477,0.03125,0.9583333333333334
Llama-3.1-8B-Instruct,employees_count_total,96,0.953125,0.9583333333333334,0.9523809523809524,0.005208333333333333,0.9583333333333334
Llama-3.1-8B-Instruct,employees_count_total,128,0.953125,0.9583333333333334,0.9523809523809524,0.005208333333333333,0.9583333333333334
Llama-3.1-8B-Instruct,headquarters_city,0,0.0,0.0,0.0,0.9583333333333334,0.9583333333333334
Llama-3.1-8B-Instruct,headquarters_city,8,0.34375,0.41666666666666674,0.33333333333333337,0.6145833333333334,0.9583333333333334
Llama-3.1-8B-Instruct,headquarters_city,16,0.53125,0.5,0.5357142857142858,0.4270833333333333,0.9583333333333334
Llama-3.1-8B-Instruct,headquarters_city,32,0.53125,0.7916666666666667,0.49404761904761907,0.4270833333333333,0.9583333333333334
Llama-3.1-8B-Instruct,headquarters_city,48,0.5260416666666667,0.625,0.511904761904762,0.43229166666666663,0.9583333333333334
Llama-3.1-8B-Instruct,headquarters_city,64,0.5572916666666667,0.5416666666666667,0.5595238095238095,0.4010416666666667,0.9583333333333334
Llama-3.1-8B-Instruct,headquarters_city,96,0.671875,0.6666666666666667,0.6726190476190477,0.2864583333333333,0.9583333333333334
Llama-3.1-8B-Instruct,headquarters_city,128,0.7395833333333334,0.7083333333333334,0.7440476190476192,0.21875,0.9583333333333334
Llama-3.1-8B-Instruct,headquarters_state,0,0.0,0.0,0.0,0.8333333333333334,0.8333333333333334
Llama-3.1-8B-Instruct,headquarters_state,8,0.11979166666666671,0.04166666666666674,0.130952380952381,0.7135416666666666,0.8333333333333334
Llama-3.1-8B-Instruct,headquarters_state,16,0.20312500000000003,0.20833333333333337,0.2023809523809524,0.6302083333333334,0.8333333333333334
Llama-3.1-8B-Instruct,headquarters_state,32,0.35416666666666674,0.5416666666666667,0.32738095238095244,0.4791666666666667,0.8333333333333334
Llama-3.1-8B-Instruct,headquarters_state,48,0.3697916666666667,0.20833333333333337,0.39285714285714285,0.4635416666666667,0.8333333333333334
Llama-3.1-8B-Instruct,headquarters_state,64,0.2760416666666667,0.29166666666666674,0.27380952380952384,0.5572916666666666,0.8333333333333334
Llama-3.1-8B-Instruct,headquarters_state,96,0.38020833333333337,0.25,0.39880952380952384,0.453125,0.8333333333333334
Llama-3.1-8B-Instruct,headquarters_state,128,0.5,0.5833333333333334,0.48809523809523814,0.3333333333333333,0.8333333333333334
Llama-3.1-8B-Instruct,holder_record_amount,0,0.0,0.0,0.0,0.7916666666666666,0.7916666666666666
Llama-3.1-8B-Instruct,holder_record_amount,8,0.44791666666666663,0.625,0.42261904761904756,0.34375,0.7916666666666666
Llama-3.1-8B-Instruct,holder_record_amount,16,0.5364583333333333,0.625,0.5238095238095238,0.2552083333333333,0.7916666666666666
Llama-3.1-8B-Instruct,holder_record_amount,32,0.5520833333333333,0.7083333333333333,0.5297619047619048,0.23958333333333334,0.7916666666666666
Llama-3.1-8B-Instruct,holder_record_amount,48,0.5677083333333333,0.5833333333333333,0.5654761904761905,0.22395833333333334,0.7916666666666666
Llama-3.1-8B-Instruct,holder_record_amount,64,0.5833333333333333,0.625,0.5773809523809523,0.20833333333333334,0.7916666666666666
Llama-3.1-8B-Instruct,holder_record_amount,96,0.6302083333333333,0.75,0.613095238095238,0.16145833333333334,0.7916666666666666
Llama-3.1-8B-Instruct,holder_record_amount,128,0.6354166666666666,0.7916666666666666,0.613095238095238,0.15625,0.7916666666666666
Llama-3.1-8B-Instruct,incorporation_state,0,0.0,0.0,0.0,1.0,1.0
Llama-3.1-8B-Instruct,incorporation_state,8,0.25520833333333337,0.20833333333333337,0.2619047619047619,0.7447916666666666,1.0
Llama-3.1-8B-Instruct,incorporation_state,16,0.359375,0.29166666666666663,0.36904761904761907,0.640625,1.0
Llama-3.1-8B-Instruct,incorporation_state,32,0.453125,0.5,0.44642857142857145,0.546875,1.0
Llama-3.1-8B-Instruct,incorporation_state,48,0.484375,0.45833333333333337,0.4880952380952381,0.515625,1.0
Llama-3.1-8B-Instruct,incorporation_state,64,0.5,0.5416666666666667,0.49404761904761907,0.5,1.0
Llama-3.1-8B-Instruct,incorporation_state,96,0.6145833333333334,0.5416666666666667,0.625,0.38541666666666663,1.0
Llama-3.1-8B-Instruct,incorporation_state,128,0.78125,0.7083333333333333,0.7916666666666667,0.21875,1.0
Llama-3.1-8B-Instruct,incorporation_year,0,0.0,0.0,0.0,0.8333333333333334,0.8333333333333334
Llama-3.1-8B-Instruct,incorporation_year,8,0.22916666666666669,0.20833333333333337,0.23214285714285718,0.6041666666666666,0.8333333333333334
Llama-3.1-8B-Instruct,incorporation_year,16,0.5416666666666667,0.5833333333333334,0.5357142857142857,0.2916666666666667,0.8333333333333334
Llama-3.1-8B-Instruct,incorporation_year,32,0.5885416666666667,0.8333333333333334,0.5535714285714286,0.24479166666666666,0.8333333333333334
Llama-3.1-8B-Instruct,incorporation_year,48,0.59375,0.75,0.5714285714285714,0.23958333333333334,0.8333333333333334
Llama-3.1-8B-Instruct,incorporation_year,64,0.6979166666666667,0.7083333333333334,0.6964285714285714,0.13541666666666666,0.8333333333333334
Llama-3.1-8B-Instruct,incorporation_year,96,0.78125,0.6666666666666667,0.7976190476190477,0.05208333333333333,0.8333333333333334
Llama-3.1-8B-Instruct,incorporation_year,128,0.8125,0.8333333333333334,0.8095238095238095,0.020833333333333332,0.8333333333333334
Llama-3.1-8B-Instruct,registrant_name,0,0.0,0.0,0.0,1.0,1.0
Llama-3.1-8B-Instruct,registrant_name,8,0.11979166666666667,0.04166666666666663,0.13095238095238096,0.8802083333333334,1.0
Llama-3.1-8B-Instruct,registrant_name,16,0.265625,0.16666666666666663,0.27976190476190477,0.734375,1.0
Llama-3.1-8B-Instruct,registrant_name,32,0.390625,0.625,0.35714285714285715,0.609375,1.0
Llama-3.1-8B-Instruct,registrant_name,48,0.578125,0.25,0.625,0.421875,1.0
Llama-3.1-8B-Instruct,registrant_name,64,0.6197916666666667,0.5416666666666667,0.630952380952381,0.3802083333333333,1.0
Llama-3.1-8B-Instruct,registrant_name,96,0.9427083333333334,0.7916666666666666,0.9642857142857143,0.057291666666666664,1.0
Llama-3.1-8B-Instruct,registrant_name,128,0.984375,1.0,0.9821428571428571,0.015625,1.0
Qwen2.5-7B-Instruct,ceo_lastname,0,0.0,0.0,0.0,0.9428571428571428,0.9428571428571428
Qwen2.5-7B-Instruct,ceo_lastname,8,0.11785714285714284,0.0,0.13469387755102039,0.825,0.9428571428571428
Qwen2.5-7B-Instruct,ceo_lastname,16,0.425,0.02857142857142858,0.4816326530612245,0.5178571428571429,0.9428571428571428
Qwen2.5-7B-Instruct,ceo_lastname,32,0.6071428571428571,0.4285714285714286,0.6326530612244898,0.3357142857142857,0.9428571428571428
Qwen2.5-7B-Instruct,ceo_lastname,48,0.8571428571428571,0.9142857142857143,0.8489795918367348,0.08571428571428572,0.9428571428571428
Qwen2.5-7B-Instruct,ceo_lastname,64,0.9071428571428571,0.9428571428571428,0.9020408163265305,0.03571428571428571,0.9428571428571428
Qwen2.5-7B-Instruct,ceo_lastname,96,0.9285714285714286,0.9428571428571428,0.926530612244898,0.014285714285714285,0.9428571428571428
Qwen2.5-7B-Instruct,ceo_lastname,128,0.9392857142857143,0.9428571428571428,0.9387755102040816,0.0035714285714285713,0.9428571428571428
Qwen2.5-7B-Instruct,employees_count_total,0,0.0,0.0,0.0,0.9583333333333334,0.9583333333333334
Qwen2.5-7B-Instruct,employees_count_total,8,0.6822916666666667,0.875,0.6547619047619049,0.2760416666666667,0.9583333333333334
Qwen2.5-7B-Instruct,employees_count_total,16,0.8333333333333334,0.9166666666666667,0.8214285714285714,0.125,0.9583333333333334
Qwen2.5-7B-Instruct,employees_count_total,32,0.9270833333333334,0.8333333333333334,0.9404761904761906,0.03125,0.9583333333333334
Qwen2.5-7B-Instruct,employees_count_total,48,0.9375,0.875,0.9464285714285714,0.020833333333333332,0.9583333333333334
Qwen2.5-7B-Instruct,employees_count_total,64,0.9270833333333334,0.9166666666666667,0.9285714285714286,0.03125,0.9583333333333334
Qwen2.5-7B-Instruct,employees_count_total,96,0.84375,0.9166666666666667,0.8333333333333334,0.11458333333333333,0.9583333333333334
Qwen2.5-7B-Instruct,employees_count_total,128,0.890625,0.9166666666666667,0.886904761904762,0.06770833333333333,0.9583333333333334
Qwen2.5-7B-Instruct,headquarters_city,0,0.0,0.0,0.0,0.9285714285714286,0.9285714285714286
Qwen2.5-7B-Instruct,headquarters_city,8,0.35714285714285715,0.1785714285714286,0.38265306122448983,0.5714285714285714,0.9285714285714286
Qwen2.5-7B-Instruct,headquarters_city,16,0.5401785714285715,0.7857142857142858,0.5051020408163266,0.38839285714285715,0.9285714285714286
Qwen2.5-7B-Instruct,headquarters_city,32,0.7410714285714286,0.7857142857142858,0.7346938775510204,0.1875,0.9285714285714286
Qwen2.5-7B-Instruct,headquarters_city,48,0.8705357142857143,0.75,0.8877551020408163,0.05803571428571429,0.9285714285714286
Qwen2.5-7B-Instruct,headquarters_city,64,0.8883928571428572,0.8571428571428572,0.8928571428571429,0.040178571428571425,0.9285714285714286
Qwen2.5-7B-Instruct,headquarters_city,96,0.9151785714285715,0.9285714285714286,0.913265306122449,0.013392857142857142,0.9285714285714286
Qwen2.5-7B-Instruct,headquarters_city,128,0.8928571428571429,0.8928571428571429,0.8928571428571429,0.03571428571428571,0.9285714285714286
Qwen2.5-7B-Instruct,headquarters_state,0,0.0,0.0,0.0,0.8518518518518519,0.8518518518518519
Qwen2.5-7B-Instruct,headquarters_state,8,0.2777777777777778,0.40740740740740744,0.25925925925925924,0.5740740740740741,0.8518518518518519
Qwen2.5-7B-Instruct,headquarters_state,16,0.36574074074074076,0.4814814814814815,0.34920634920634924,0.4861111111111111,0.8518518518518519
Qwen2.5-7B-Instruct,headquarters_state,32,0.6064814814814815,0.5925925925925926,0.6084656084656085,0.24537037037037035,0.8518518518518519
Qwen2.5-7B-Instruct,headquarters_state,48,0.7453703703703705,0.8148148148148149,0.7354497354497356,0.10648148148148148,0.8518518518518519
Qwen2.5-7B-Instruct,headquarters_state,64,0.763888888888889,0.8148148148148149,0.7566137566137566,0.08796296296296297,0.8518518518518519
Qwen2.5-7B-Instruct,headquarters_state,96,0.8287037037037037,0.8148148148148149,0.8306878306878307,0.023148148148148147,0.8518518518518519
Qwen2.5-7B-Instruct,headquarters_state,128,0.7361111111111112,0.7777777777777778,0.7301587301587302,0.11574074074074073,0.8518518518518519
Qwen2.5-7B-Instruct,holder_record_amount,0,0.0,0.0,0.0,0.5416666666666666,0.5416666666666666
Qwen2.5-7B-Instruct,holder_record_amount,8,0.43229166666666663,0.24999999999999994,0.4583333333333333,0.109375,0.5416666666666666
Qwen2.5-7B-Instruct,holder_record_amount,16,0.47916666666666663,0.5416666666666666,0.47023809523809523,0.0625,0.5416666666666666
Qwen2.5-7B-Instruct,holder_record_amount,32,0.53125,0.5416666666666666,0.5297619047619048,0.010416666666666666,0.5416666666666666
Qwen2.5-7B-Instruct,holder_record_amount,48,0.5416666666666666,0.5416666666666666,0.5416666666666666,0.0,0.5416666666666666
Qwen2.5-7B-Instruct,holder_record_amount,64,0.5364583333333333,0.5416666666666666,0.5357142857142857,0.005208333333333333,0.5416666666666666
Qwen2.5-7B-Instruct,holder_record_amount,96,0.5104166666666666,0.5416666666666666,0.5059523809523809,0.03125,0.5416666666666666
Qwen2.5-7B-Instruct,holder_record_amount,128,0.484375,0.5416666666666666,0.47619047619047616,0.057291666666666664,0.5416666666666666
Qwen2.5-7B-Instruct,incorporation_state,0,0.0,0.0,0.0,0.96875,0.96875
Qwen2.5-7B-Instruct,incorporation_state,8,0.4375,0.75,0.39285714285714285,0.53125,0.96875
Qwen2.5-7B-Instruct,incorporation_state,16,0.5859375,0.71875,0.5669642857142857,0.3828125,0.96875
Qwen2.5-7B-Instruct,incorporation_state,32,0.7890625,0.71875,0.7991071428571429,0.1796875,0.96875
Qwen2.5-7B-Instruct,incorporation_state,48,0.89453125,0.875,0.8973214285714286,0.07421875,0.96875
Qwen2.5-7B-Instruct,incorporation_state,64,0.921875,0.90625,0.9241071428571429,0.046875,0.96875
Qwen2.5-7B-Instruct,incorporation_state,96,0.87890625,0.46875,0.9375,0.08984375,0.96875
Qwen2.5-7B-Instruct,incorporation_state,128,0.87109375,0.53125,0.9196428571428571,0.09765625,0.96875
Qwen2.5-7B-Instruct,incorporation_year,0,0.0,0.0,0.0,0.8666666666666667,0.8666666666666667
Qwen2.5-7B-Instruct,incorporation_year,8,0.5166666666666667,0.8333333333333334,0.4714285714285715,0.35,0.8666666666666667
Qwen2.5-7B-Instruct,incorporation_year,16,0.6791666666666667,0.8333333333333334,0.6571428571428573,0.1875,0.8666666666666667
Qwen2.5-7B-Instruct,incorporation_year,32,0.8125,0.8666666666666667,0.8047619047619048,0.05416666666666667,0.8666666666666667
Qwen2.5-7B-Instruct,incorporation_year,48,0.8666666666666667,0.8666666666666667,0.8666666666666666,0.0,0.8666666666666667
Qwen2.5-7B-Instruct,incorporation_year,64,0.8666666666666667,0.8666666666666667,0.8666666666666666,0.0,0.8666666666666667
Qwen2.5-7B-Instruct,incorporation_year,96,0.8583333333333334,0.8666666666666667,0.8571428571428571,0.008333333333333333,0.8666666666666667
Qwen2.5-7B-Instruct,incorporation_year,128,0.8583333333333334,0.8666666666666667,0.8571428571428571,0.008333333333333333,0.8666666666666667
Qwen2.5-7B-Instruct,registrant_name,0,0.0,0.0,0.0,0.975609756097561,0.975609756097561
Qwen2.5-7B-Instruct,registrant_name,8,0.0945121951219512,0.14634146341463417,0.08710801393728221,0.8810975609756098,0.975609756097561
Qwen2.5-7B-Instruct,registrant_name,16,0.10670731707317072,0.19512195121951215,0.0940766550522648,0.8689024390243902,0.975609756097561
Qwen2.5-7B-Instruct,registrant_name,32,0.2195121951219512,0.36585365853658536,0.19860627177700346,0.7560975609756098,0.975609756097561
Qwen2.5-7B-Instruct,registrant_name,48,0.5060975609756098,0.8048780487804877,0.46341463414634143,0.46951219512195125,0.975609756097561
Qwen2.5-7B-Instruct,registrant_name,64,0.8140243902439024,0.9512195121951219,0.7944250871080138,0.16158536585365854,0.975609756097561
Qwen2.5-7B-Instruct,registrant_name,96,0.9390243902439024,0.9512195121951219,0.9372822299651568,0.036585365853658534,0.975609756097561
Qwen2.5-7B-Instruct,registrant_name,128,0.9695121951219512,0.975609756097561,0.9686411149825783,0.006097560975609756,0.975609756097561
Mistral-7B-Instruct-v0.3,ceo_lastname,0,0.0,0.0,0.0,0.875,0.875
Mistral-7B-Instruct-v0.3,ceo_lastname,8,0.21875,0.25,0.21428571428571427,0.65625,0.875
Mistral-7B-Instruct-v0.3,ceo_lastname,16,0.39583333333333337,0.29166666666666663,0.4107142857142857,0.47916666666666663,0.875
Mistral-7B-Instruct-v0.3,ceo_lastname,32,0.8125,0.6666666666666666,0.8333333333333333,0.0625,0.875
Mistral-7B-Instruct-v0.3,ceo_lastname,48,0.8697916666666666,0.875,0.869047619047619,0.005208333333333333,0.875
Mistral-7B-Instruct-v0.3,ceo_lastname,64,0.8333333333333334,0.875,0.8273809523809524,0.04166666666666667,0.875
Mistral-7B-Instruct-v0.3,ceo_lastname,96,0.875,0.875,0.875,0.0,0.875
Mistral-7B-Instruct-v0.3,ceo_lastname,128,0.875,0.875,0.875,0.0,0.875
Mistral-7B-Instruct-v0.3,employees_count_total,0,0.0,0.0,0.0,0.875,0.875
Mistral-7B-Instruct-v0.3,employees_count_total,8,0.6354166666666667,0.8333333333333334,0.6071428571428571,0.23958333333333331,0.875
Mistral-7B-Instruct-v0.3,employees_count_total,16,0.71875,0.8333333333333334,0.7023809523809524,0.15625,0.875
Mistral-7B-Instruct-v0.3,employees_count_total,32,0.8489583333333334,0.875,0.8452380952380952,0.026041666666666664,0.875
Mistral-7B-Instruct-v0.3,employees_count_total,48,0.8489583333333334,0.875,0.8452380952380952,0.026041666666666664,0.875
Mistral-7B-Instruct-v0.3,employees_count_total,64,0.8697916666666666,0.875,0.869047619047619,0.005208333333333333,0.875
Mistral-7B-Instruct-v0.3,employees_count_total,96,0.875,0.875,0.875,0.0,0.875
Mistral-7B-Instruct-v0.3,employees_count_total,128,0.875,0.875,0.875,0.0,0.875
Mistral-7B-Instruct-v0.3,headquarters_city,0,0.0,0.0,0.0,1.0,1.0
Mistral-7B-Instruct-v0.3,headquarters_city,8,0.11458333333333333,0.125,0.1130952380952381,0.8854166666666666,1.0
Mistral-7B-Instruct-v0.3,headquarters_city,16,0.13020833333333334,0.125,0.13095238095238096,0.8697916666666666,1.0
Mistral-7B-Instruct-v0.3,headquarters_city,32,0.44270833333333337,0.45833333333333337,0.4404761904761905,0.5572916666666666,1.0
Mistral-7B-Instruct-v0.3,headquarters_city,48,0.4479166666666667,0.5,0.4404761904761905,0.5520833333333333,1.0
Mistral-7B-Instruct-v0.3,headquarters_city,64,0.484375,0.41666666666666663,0.494047619047619,0.515625,1.0
Mistral-7B-Instruct-v0.3,headquarters_city,96,0.5885416666666666,0.375,0.619047619047619,0.4114583333333333,1.0
Mistral-7B-Instruct-v0.3,headquarters_city,128,0.8541666666666666,0.8333333333333334,0.8571428571428571,0.14583333333333334,1.0
Mistral-7B-Instruct-v0.3,headquarters_state,0,0.0,0.0,0.0,0.9583333333333334,0.9583333333333334
Mistral-7B-Instruct-v0.3,headquarters_state,8,0.14583333333333337,0.125,0.14880952380952386,0.8125,0.9583333333333334
Mistral-7B-Instruct-v0.3,headquarters_state,16,0.1979166666666667,0.16666666666666674,0.2023809523809524,0.7604166666666666,0.9583333333333334
Mistral-7B-Instruct-v0.3,headquarters_state,32,0.35416666666666674,0.41666666666666674,0.3452380952380953,0.6041666666666666,0.9583333333333334
Mistral-7B-Instruct-v0.3,headquarters_state,48,0.3385416666666667,0.33333333333333337,0.3392857142857143,0.6197916666666666,0.9583333333333334
Mistral-7B-Instruct-v0.3,headquarters_state,64,0.3072916666666667,0.20833333333333337,0.32142857142857145,0.6510416666666666,0.9583333333333334
Mistral-7B-Instruct-v0.3,headquarters_state,96,0.359375,0.25,0.375,0.5989583333333334,0.9583333333333334
Mistral-7B-Instruct-v0.3,headquarters_state,128,0.65625,0.7083333333333334,0.6488095238095238,0.3020833333333333,0.9583333333333334
Mistral-7B-Instruct-v0.3,holder_record_amount,0,0.0,0.0,0.0,0.25,0.25
Mistral-7B-Instruct-v0.3,holder_record_amount,8,0.24479166666666666,0.20833333333333334,0.25,0.005208333333333333,0.25
Mistral-7B-Instruct-v0.3,holder_record_amount,16,0.25,0.25,0.25,0.0,0.25
Mistral-7B-Instruct-v0.3,holder_record_amount,32,0.25,0.25,0.25,0.0,0.25
Mistral-7B-Instruct-v0.3,holder_record_amount,48,0.24479166666666666,0.25,0.24404761904761904,0.005208333333333333,0.25
Mistral-7B-Instruct-v0.3,holder_record_amount,64,0.25,0.25,0.25,0.0,0.25
Mistral-7B-Instruct-v0.3,holder_record_amount,96,0.23958333333333334,0.25,0.2380952380952381,0.010416666666666666,0.25
Mistral-7B-Instruct-v0.3,holder_record_amount,128,0.22916666666666669,0.25,0.22619047619047622,0.020833333333333332,0.25
Mistral-7B-Instruct-v0.3,incorporation_state,0,0.0,0.0,0.0,0.9583333333333334,0.9583333333333334
Mistral-7B-Instruct-v0.3,incorporation_state,8,0.39583333333333337,0.33333333333333337,0.40476190476190477,0.5625,0.9583333333333334
Mistral-7B-Instruct-v0.3,incorporation_state,16,0.45833333333333337,0.5,0.45238095238095244,0.5,0.9583333333333334
Mistral-7B-Instruct-v0.3,incorporation_state,32,0.625,0.6666666666666667,0.6190476190476192,0.33333333333333337,0.9583333333333334
Mistral-7B-Instruct-v0.3,incorporation_state,48,0.640625,0.7083333333333334,0.630952380952381,0.3177083333333333,0.9583333333333334
Mistral-7B-Instruct-v0.3,incorporation_state,64,0.6822916666666667,0.7083333333333334,0.6785714285714286,0.2760416666666667,0.9583333333333334
Mistral-7B-Instruct-v0.3,incorporation_state,96,0.7395833333333334,0.75,0.7380952380952381,0.21875,0.9583333333333334
Mistral-7B-Instruct-v0.3,incorporation_state,128,0.8385416666666667,0.875,0.8333333333333334,0.11979166666666667,0.9583333333333334
Mistral-7B-Instruct-v0.3,incorporation_year,0,0.0,0.0,0.0,0.7916666666666666,0.7916666666666666
Mistral-7B-Instruct-v0.3,incorporation_year,8,0.3645833333333333,0.37499999999999994,0.3630952380952381,0.4270833333333333,0.7916666666666666
Mistral-7B-Instruct-v0.3,incorporation_year,16,0.5052083333333333,0.625,0.488095238095238,0.2864583333333333,0.7916666666666666
Mistral-7B-Instruct-v0.3,incorporation_year,32,0.71875,0.7916666666666666,0.7083333333333333,0.07291666666666667,0.7916666666666666
Mistral-7B-Instruct-v0.3,incorporation_year,48,0.7604166666666666,0.7916666666666666,0.7559523809523808,0.03125,0.7916666666666666
Mistral-7B-Instruct-v0.3,incorporation_year,64,0.7291666666666666,0.7916666666666666,0.7202380952380951,0.0625,0.7916666666666666
Mistral-7B-Instruct-v0.3,incorporation_year,96,0.7552083333333333,0.7916666666666666,0.75,0.03645833333333333,0.7916666666666666
Mistral-7B-Instruct-v0.3,incorporation_year,128,0.7916666666666666,0.7916666666666666,0.7916666666666666,0.0,0.7916666666666666
Mistral-7B-Instruct-v0.3,registrant_name,0,0.0,0.0,0.0,0.9166666666666666,0.9166666666666666
Mistral-7B-Instruct-v0.3,registrant_name,8,0.0364583333333333,0.08333333333333326,0.029761904761904736,0.8802083333333334,0.9166666666666666
Mistral-7B-Instruct-v0.3,registrant_name,16,0.0364583333333333,0.25,0.005952380952380916,0.8802083333333334,0.9166666666666666
Mistral-7B-Instruct-v0.3,registrant_name,32,0.32291666666666663,0.33333333333333326,0.32142857142857145,0.59375,0.9166666666666666
Mistral-7B-Instruct-v0.3,registrant_name,48,0.515625,0.49999999999999994,0.5178571428571428,0.4010416666666667,0.9166666666666666
Mistral-7B-Instruct-v0.3,registrant_name,64,0.5364583333333333,0.5833333333333333,0.5297619047619048,0.3802083333333333,0.9166666666666666
Mistral-7B-Instruct-v0.3,registrant_name,96,0.7552083333333333,0.7083333333333333,0.7619047619047619,0.16145833333333334,0.9166666666666666
Mistral-7B-Instruct-v0.3,registrant_name,128,0.765625,0.6666666666666666,0.7797619047619048,0.15104166666666666,0.9166666666666666
