ablated_mean_logprob,ablated_sum_logprob,clean_mean_logprob,clean_sum_logprob,condition,gold,idx,mean_logprob_rescue,num_answer_tokens,patched_mean_logprob,patched_sum_logprob,sum_logprob_rescue,task
-0.17661210894584656,-0.5298362970352173,-0.29573988914489746,-0.8872196674346924,patch_qr,Pritzker,100923_1993.txt_ceo_lastname_190,0.7437157656547665,3,-0.2652093172073364,-0.7956279516220093,0.7437157870263971,ceo_lastname
-0.17661210894584656,-0.5298362970352173,-0.29573988914489746,-0.8872196674346924,patch_bottom,Pritzker,100923_1993.txt_ceo_lastname_190,-0.0,3,-0.17661210894584656,-0.5298362970352173,-0.0,ceo_lastname
-0.17661210894584656,-0.5298362970352173,-0.29573988914489746,-0.8872196674346924,patch_same_layer,Pritzker,100923_1993.txt_ceo_lastname_190,-0.0,3,-0.17661210894584656,-0.5298362970352173,-0.0,ceo_lastname
-0.17661210894584656,-0.5298362970352173,-0.29573988914489746,-0.8872196674346924,patch_random,Pritzker,100923_1993.txt_ceo_lastname_190,-0.0,3,-0.17661210894584656,-0.5298362970352173,-0.0,ceo_lastname
-0.019573813304305077,-0.03914762660861015,-0.026395339518785477,-0.05279067903757095,patch_qr,Beard,764764_1993.txt_ceo_lastname_45,0.5790506403253275,2,-0.02352382242679596,-0.04704764485359192,0.5790506403253275,ceo_lastname
-0.019573813304305077,-0.03914762660861015,-0.026395339518785477,-0.05279067903757095,patch_bottom,Beard,764764_1993.txt_ceo_lastname_45,-0.0,2,-0.019573813304305077,-0.03914762660861015,-0.0,ceo_lastname
-0.019573813304305077,-0.03914762660861015,-0.026395339518785477,-0.05279067903757095,patch_same_layer,Beard,764764_1993.txt_ceo_lastname_45,-0.0,2,-0.019573813304305077,-0.03914762660861015,-0.0,ceo_lastname
-0.019573813304305077,-0.03914762660861015,-0.026395339518785477,-0.05279067903757095,patch_random,Beard,764764_1993.txt_ceo_lastname_45,-0.0,2,-0.019573813304305077,-0.03914762660861015,-0.0,ceo_lastname
-0.044786468148231506,-0.13435940444469452,-0.03700109198689461,-0.11100327223539352,patch_qr,Popham,828530_1993.txt_ceo_lastname_113,-0.5612647861997224,3,-0.049156125634908676,-0.14746837317943573,-0.5612645371788438,ceo_lastname
-0.044786468148231506,-0.13435940444469452,-0.03700109198689461,-0.11100327223539352,patch_bottom,Popham,828530_1993.txt_ceo_lastname_113,0.0,3,-0.044786468148231506,-0.13435940444469452,0.0,ceo_lastname
-0.044786468148231506,-0.13435940444469452,-0.03700109198689461,-0.11100327223539352,patch_same_layer,Popham,828530_1993.txt_ceo_lastname_113,0.0,3,-0.044786468148231506,-0.13435940444469452,0.0,ceo_lastname
-0.044786468148231506,-0.13435940444469452,-0.03700109198689461,-0.11100327223539352,patch_random,Popham,828530_1993.txt_ceo_lastname_113,0.0,3,-0.044786468148231506,-0.13435940444469452,0.0,ceo_lastname
-0.024136364459991455,-0.07240909337997437,-0.009468023665249348,-0.02840407006442547,patch_qr,Sudikoff,799319_1993.txt_ceo_lastname_127,0.4924882909605587,3,-0.01691237837076187,-0.050737135112285614,0.4924882805375336,ceo_lastname
-0.024136364459991455,-0.07240909337997437,-0.009468023665249348,-0.02840407006442547,patch_bottom,Sudikoff,799319_1993.txt_ceo_lastname_127,0.0,3,-0.024136364459991455,-0.07240909337997437,0.0,ceo_lastname
-0.024136364459991455,-0.07240909337997437,-0.009468023665249348,-0.02840407006442547,patch_same_layer,Sudikoff,799319_1993.txt_ceo_lastname_127,0.0,3,-0.024136364459991455,-0.07240909337997437,0.0,ceo_lastname
-0.024136364459991455,-0.07240909337997437,-0.009468023665249348,-0.02840407006442547,patch_random,Sudikoff,799319_1993.txt_ceo_lastname_127,0.0,3,-0.024136364459991455,-0.07240909337997437,0.0,ceo_lastname
-0.024436509236693382,-0.048873018473386765,-0.01914430782198906,-0.03828861564397812,patch_qr,Goode,40878_1993.txt_ceo_lastname_19,0.6389069659643767,2,-0.02105528488755226,-0.04211056977510452,0.6389069659643767,ceo_lastname
-0.024436509236693382,-0.048873018473386765,-0.01914430782198906,-0.03828861564397812,patch_bottom,Goode,40878_1993.txt_ceo_lastname_19,0.0,2,-0.024436509236693382,-0.048873018473386765,0.0,ceo_lastname
-0.024436509236693382,-0.048873018473386765,-0.01914430782198906,-0.03828861564397812,patch_same_layer,Goode,40878_1993.txt_ceo_lastname_19,0.0,2,-0.024436509236693382,-0.048873018473386765,0.0,ceo_lastname
-0.024436509236693382,-0.048873018473386765,-0.01914430782198906,-0.03828861564397812,patch_random,Goode,40878_1993.txt_ceo_lastname_19,0.0,2,-0.024436509236693382,-0.048873018473386765,0.0,ceo_lastname
-0.27250993251800537,-0.5450198650360107,-0.09025350958108902,-0.18050701916217804,patch_qr,McCraw,37748_1993.txt_ceo_lastname_63,0.833605721320987,2,-0.12057993561029434,-0.24115987122058868,0.833605721320987,ceo_lastname
-0.27250993251800537,-0.5450198650360107,-0.09025350958108902,-0.18050701916217804,patch_bottom,McCraw,37748_1993.txt_ceo_lastname_63,0.0,2,-0.27250993251800537,-0.5450198650360107,0.0,ceo_lastname
-0.27250993251800537,-0.5450198650360107,-0.09025350958108902,-0.18050701916217804,patch_same_layer,McCraw,37748_1993.txt_ceo_lastname_63,0.0,2,-0.27250993251800537,-0.5450198650360107,0.0,ceo_lastname
-0.27250993251800537,-0.5450198650360107,-0.09025350958108902,-0.18050701916217804,patch_random,McCraw,37748_1993.txt_ceo_lastname_63,0.0,2,-0.27250993251800537,-0.5450198650360107,0.0,ceo_lastname
-3.664067506790161,-7.328135013580322,-3.985795021057129,-7.971590042114258,patch_qr,Goodes,104669_1993.txt_ceo_lastname_84,0.42454515744877624,2,-3.8006553649902344,-7.601310729980469,0.42454515744877624,ceo_lastname
-3.664067506790161,-7.328135013580322,-3.985795021057129,-7.971590042114258,patch_bottom,Goodes,104669_1993.txt_ceo_lastname_84,-0.0,2,-3.664067506790161,-7.328135013580322,-0.0,ceo_lastname
-3.664067506790161,-7.328135013580322,-3.985795021057129,-7.971590042114258,patch_same_layer,Goodes,104669_1993.txt_ceo_lastname_84,-0.0,2,-3.664067506790161,-7.328135013580322,-0.0,ceo_lastname
-3.664067506790161,-7.328135013580322,-3.985795021057129,-7.971590042114258,patch_random,Goodes,104669_1993.txt_ceo_lastname_84,-0.0,2,-3.664067506790161,-7.328135013580322,-0.0,ceo_lastname
-0.1378161609172821,-0.2756323218345642,-0.3296787142753601,-0.6593574285507202,patch_qr,Allender,34501_1993.txt_ceo_lastname_220,0.9024202065320366,2,-0.31095680594444275,-0.6219136118888855,0.9024202065320366,ceo_lastname
-0.1378161609172821,-0.2756323218345642,-0.3296787142753601,-0.6593574285507202,patch_bottom,Allender,34501_1993.txt_ceo_lastname_220,-0.0,2,-0.1378161609172821,-0.2756323218345642,-0.0,ceo_lastname
-0.1378161609172821,-0.2756323218345642,-0.3296787142753601,-0.6593574285507202,patch_same_layer,Allender,34501_1993.txt_ceo_lastname_220,-0.0,2,-0.1378161609172821,-0.2756323218345642,-0.0,ceo_lastname
-0.1378161609172821,-0.2756323218345642,-0.3296787142753601,-0.6593574285507202,patch_random,Allender,34501_1993.txt_ceo_lastname_220,-0.0,2,-0.1378161609172821,-0.2756323218345642,-0.0,ceo_lastname
-0.1635769009590149,-0.3271538019180298,-1.0510826110839844,-2.1021652221679688,patch_qr,Goldsmith,201461_1993.txt_ceo_lastname_77,0.6221909183253721,2,-0.7157748937606812,-1.4315497875213623,0.6221909183253721,ceo_lastname
-0.1635769009590149,-0.3271538019180298,-1.0510826110839844,-2.1021652221679688,patch_bottom,Goldsmith,201461_1993.txt_ceo_lastname_77,-0.0,2,-0.1635769009590149,-0.3271538019180298,-0.0,ceo_lastname
-0.1635769009590149,-0.3271538019180298,-1.0510826110839844,-2.1021652221679688,patch_same_layer,Goldsmith,201461_1993.txt_ceo_lastname_77,-0.0,2,-0.1635769009590149,-0.3271538019180298,-0.0,ceo_lastname
-0.1635769009590149,-0.3271538019180298,-1.0510826110839844,-2.1021652221679688,patch_random,Goldsmith,201461_1993.txt_ceo_lastname_77,-0.0,2,-0.1635769009590149,-0.3271538019180298,-0.0,ceo_lastname
-0.037480950355529785,-0.11244285106658936,-0.022113054990768433,-0.0663391649723053,patch_qr,Berglund,18497_1993.txt_ceo_lastname_35,0.7138791279542179,3,-0.026510130614042282,-0.07953038811683655,0.7138792087566573,ceo_lastname
-0.037480950355529785,-0.11244285106658936,-0.022113054990768433,-0.0663391649723053,patch_bottom,Berglund,18497_1993.txt_ceo_lastname_35,0.0,3,-0.037480950355529785,-0.11244285106658936,0.0,ceo_lastname
-0.037480950355529785,-0.11244285106658936,-0.022113054990768433,-0.0663391649723053,patch_same_layer,Berglund,18497_1993.txt_ceo_lastname_35,0.0,3,-0.037480950355529785,-0.11244285106658936,0.0,ceo_lastname
-0.037480950355529785,-0.11244285106658936,-0.022113054990768433,-0.0663391649723053,patch_random,Berglund,18497_1993.txt_ceo_lastname_35,0.0,3,-0.037480950355529785,-0.11244285106658936,0.0,ceo_lastname
-0.08607775717973709,-0.08607775717973709,-0.0678367167711258,-0.0678367167711258,patch_qr,Thomas,36326_1993.txt_ceo_lastname_142,1.427807828463434,1,-0.060033056885004044,-0.060033056885004044,1.427807828463434,ceo_lastname
-0.08607775717973709,-0.08607775717973709,-0.0678367167711258,-0.0678367167711258,patch_bottom,Thomas,36326_1993.txt_ceo_lastname_142,0.0,1,-0.08607775717973709,-0.08607775717973709,0.0,ceo_lastname
-0.08607775717973709,-0.08607775717973709,-0.0678367167711258,-0.0678367167711258,patch_same_layer,Thomas,36326_1993.txt_ceo_lastname_142,0.0,1,-0.08607775717973709,-0.08607775717973709,0.0,ceo_lastname
-0.08607775717973709,-0.08607775717973709,-0.0678367167711258,-0.0678367167711258,patch_random,Thomas,36326_1993.txt_ceo_lastname_142,0.0,1,-0.08607775717973709,-0.08607775717973709,0.0,ceo_lastname
-0.03301680088043213,-0.03301680088043213,-0.07218696177005768,-0.07218696177005768,patch_qr,Ross,277509_1993.txt_ceo_lastname_228,0.2837247233862055,1,-0.044130343943834305,-0.044130343943834305,0.2837247233862055,ceo_lastname
-0.03301680088043213,-0.03301680088043213,-0.07218696177005768,-0.07218696177005768,patch_bottom,Ross,277509_1993.txt_ceo_lastname_228,-0.0,1,-0.03301680088043213,-0.03301680088043213,-0.0,ceo_lastname
-0.03301680088043213,-0.03301680088043213,-0.07218696177005768,-0.07218696177005768,patch_same_layer,Ross,277509_1993.txt_ceo_lastname_228,-0.0,1,-0.03301680088043213,-0.03301680088043213,-0.0,ceo_lastname
-0.03301680088043213,-0.03301680088043213,-0.07218696177005768,-0.07218696177005768,patch_random,Ross,277509_1993.txt_ceo_lastname_228,-0.0,1,-0.03301680088043213,-0.03301680088043213,-0.0,ceo_lastname
-0.26830917596817017,-0.8049275279045105,-0.10736656188964844,-0.3220996856689453,patch_qr,Zandman,103730_1993.txt_ceo_lastname_6,0.2538850346033896,3,-0.2274482548236847,-0.6823447346687317,0.2538850963279212,ceo_lastname
-0.26830917596817017,-0.8049275279045105,-0.10736656188964844,-0.3220996856689453,patch_bottom,Zandman,103730_1993.txt_ceo_lastname_6,0.0,3,-0.26830917596817017,-0.8049275279045105,0.0,ceo_lastname
-0.26830917596817017,-0.8049275279045105,-0.10736656188964844,-0.3220996856689453,patch_same_layer,Zandman,103730_1993.txt_ceo_lastname_6,0.0,3,-0.26830917596817017,-0.8049275279045105,0.0,ceo_lastname
-0.26830917596817017,-0.8049275279045105,-0.10736656188964844,-0.3220996856689453,patch_random,Zandman,103730_1993.txt_ceo_lastname_6,0.0,3,-0.26830917596817017,-0.8049275279045105,0.0,ceo_lastname
-0.05997837334871292,-0.17993511259555817,-0.10549672693014145,-0.31649017333984375,patch_qr,Lenzie,71180_1993.txt_ceo_lastname_215,0.4417023359200703,3,-0.0800839364528656,-0.2402517944574356,0.44170228135907086,ceo_lastname
-0.05997837334871292,-0.17993511259555817,-0.10549672693014145,-0.31649017333984375,patch_bottom,Lenzie,71180_1993.txt_ceo_lastname_215,-0.0,3,-0.05997837334871292,-0.17993511259555817,-0.0,ceo_lastname
-0.05997837334871292,-0.17993511259555817,-0.10549672693014145,-0.31649017333984375,patch_same_layer,Lenzie,71180_1993.txt_ceo_lastname_215,-0.0,3,-0.05997837334871292,-0.17993511259555817,-0.0,ceo_lastname
-0.05997837334871292,-0.17993511259555817,-0.10549672693014145,-0.31649017333984375,patch_random,Lenzie,71180_1993.txt_ceo_lastname_215,-0.0,3,-0.05997837334871292,-0.17993511259555817,-0.0,ceo_lastname
-0.01238180510699749,-0.04952722042798996,-0.01025234255939722,-0.04100937023758888,patch_qr,Cwiertnia,277821_1993.txt_ceo_lastname_157,1.335694445598565,4,-0.00953749381005764,-0.03814997524023056,1.335694445598565,ceo_lastname
-0.01238180510699749,-0.04952722042798996,-0.01025234255939722,-0.04100937023758888,patch_bottom,Cwiertnia,277821_1993.txt_ceo_lastname_157,0.0,4,-0.01238180510699749,-0.04952722042798996,0.0,ceo_lastname
-0.01238180510699749,-0.04952722042798996,-0.01025234255939722,-0.04100937023758888,patch_same_layer,Cwiertnia,277821_1993.txt_ceo_lastname_157,0.0,4,-0.01238180510699749,-0.04952722042798996,0.0,ceo_lastname
-0.01238180510699749,-0.04952722042798996,-0.01025234255939722,-0.04100937023758888,patch_random,Cwiertnia,277821_1993.txt_ceo_lastname_157,0.0,4,-0.01238180510699749,-0.04952722042798996,0.0,ceo_lastname
-2.179633855819702,-4.359267711639404,-1.381851077079773,-2.763702154159546,patch_qr,Bogle,801124_1993.txt_ceo_lastname_134,0.5328102336316419,2,-1.75456702709198,-3.50913405418396,0.5328102336316419,ceo_lastname
-2.179633855819702,-4.359267711639404,-1.381851077079773,-2.763702154159546,patch_bottom,Bogle,801124_1993.txt_ceo_lastname_134,0.0,2,-2.179633855819702,-4.359267711639404,0.0,ceo_lastname
-2.179633855819702,-4.359267711639404,-1.381851077079773,-2.763702154159546,patch_same_layer,Bogle,801124_1993.txt_ceo_lastname_134,0.0,2,-2.179633855819702,-4.359267711639404,0.0,ceo_lastname
-2.179633855819702,-4.359267711639404,-1.381851077079773,-2.763702154159546,patch_random,Bogle,801124_1993.txt_ceo_lastname_134,0.0,2,-2.179633855819702,-4.359267711639404,0.0,ceo_lastname
-1.2394516468048096,-2.478903293609619,-1.2157715559005737,-2.4315431118011475,patch_qr,0,801124_1993.txt_employees_count_total_132,0.815815306857025,2,-1.2201330661773682,-2.4402661323547363,0.815815306857025,employees_count_total
-1.2394516468048096,-2.478903293609619,-1.2157715559005737,-2.4315431118011475,patch_bottom,0,801124_1993.txt_employees_count_total_132,0.0,2,-1.2394516468048096,-2.478903293609619,0.0,employees_count_total
-1.2394516468048096,-2.478903293609619,-1.2157715559005737,-2.4315431118011475,patch_same_layer,0,801124_1993.txt_employees_count_total_132,0.0,2,-1.2394516468048096,-2.478903293609619,0.0,employees_count_total
-1.2394516468048096,-2.478903293609619,-1.2157715559005737,-2.4315431118011475,patch_random,0,801124_1993.txt_employees_count_total_132,0.0,2,-1.2394516468048096,-2.478903293609619,0.0,employees_count_total
-0.47744712233543396,-2.387235641479492,-0.3837262988090515,-1.9186314344406128,patch_qr,4426,277509_1993.txt_employees_count_total_227,0.7819078724565935,5,-0.4041660726070404,-2.0208303928375244,0.7819077232731025,employees_count_total
-0.47744712233543396,-2.387235641479492,-0.3837262988090515,-1.9186314344406128,patch_bottom,4426,277509_1993.txt_employees_count_total_227,0.0,5,-0.47744712233543396,-2.387235641479492,0.0,employees_count_total
-0.47744712233543396,-2.387235641479492,-0.3837262988090515,-1.9186314344406128,patch_same_layer,4426,277509_1993.txt_employees_count_total_227,0.0,5,-0.47744712233543396,-2.387235641479492,0.0,employees_count_total
-0.47744712233543396,-2.387235641479492,-0.3837262988090515,-1.9186314344406128,patch_random,4426,277509_1993.txt_employees_count_total_227,0.0,5,-0.47744712233543396,-2.387235641479492,0.0,employees_count_total
-0.5268136262893677,-2.634068012237549,-0.37188929319381714,-1.859446406364441,patch_qr,1962,276999_1993.txt_employees_count_total_162,1.0211788324018285,5,-0.36860817670822144,-1.8430408239364624,1.0211788340314716,employees_count_total
-0.5268136262893677,-2.634068012237549,-0.37188929319381714,-1.859446406364441,patch_bottom,1962,276999_1993.txt_employees_count_total_162,0.0,5,-0.5268136262893677,-2.634068012237549,0.0,employees_count_total
-0.5268136262893677,-2.634068012237549,-0.37188929319381714,-1.859446406364441,patch_same_layer,1962,276999_1993.txt_employees_count_total_162,0.0,5,-0.5268136262893677,-2.634068012237549,0.0,employees_count_total
-0.5268136262893677,-2.634068012237549,-0.37188929319381714,-1.859446406364441,patch_random,1962,276999_1993.txt_employees_count_total_162,0.0,5,-0.5268136262893677,-2.634068012237549,0.0,employees_count_total
-0.38465845584869385,-1.9232922792434692,-0.3394266366958618,-1.697133183479309,patch_qr,3570,100923_1993.txt_employees_count_total_189,0.7349808397815683,5,-0.35141393542289734,-1.757069706916809,0.7349807080056505,employees_count_total
-0.38465845584869385,-1.9232922792434692,-0.3394266366958618,-1.697133183479309,patch_bottom,3570,100923_1993.txt_employees_count_total_189,0.0,5,-0.38465845584869385,-1.9232922792434692,0.0,employees_count_total
-0.38465845584869385,-1.9232922792434692,-0.3394266366958618,-1.697133183479309,patch_same_layer,3570,100923_1993.txt_employees_count_total_189,0.0,5,-0.38465845584869385,-1.9232922792434692,0.0,employees_count_total
-0.38465845584869385,-1.9232922792434692,-0.3394266366958618,-1.697133183479309,patch_random,3570,100923_1993.txt_employees_count_total_189,0.0,5,-0.38465845584869385,-1.9232922792434692,0.0,employees_count_total
-0.49417853355407715,-2.4708926677703857,-0.5170671939849854,-2.5853359699249268,patch_qr,2260,55387_1993.txt_employees_count_total_10,1.571675590091873,5,-0.5301520824432373,-2.6507604122161865,1.571675590091873,employees_count_total
-0.49417853355407715,-2.4708926677703857,-0.5170671939849854,-2.5853359699249268,patch_bottom,2260,55387_1993.txt_employees_count_total_10,-0.0,5,-0.49417853355407715,-2.4708926677703857,-0.0,employees_count_total
-0.49417853355407715,-2.4708926677703857,-0.5170671939849854,-2.5853359699249268,patch_same_layer,2260,55387_1993.txt_employees_count_total_10,-0.0,5,-0.49417853355407715,-2.4708926677703857,-0.0,employees_count_total
-0.49417853355407715,-2.4708926677703857,-0.5170671939849854,-2.5853359699249268,patch_random,2260,55387_1993.txt_employees_count_total_10,-0.0,5,-0.49417853355407715,-2.4708926677703857,-0.0,employees_count_total
-0.3218052089214325,-1.6090260744094849,-0.3125041127204895,-1.5625205039978027,patch_qr,3712,103392_1993.txt_employees_count_total_176,0.6056816397676333,5,-0.31617170572280884,-1.5808584690093994,0.6056823978447491,employees_count_total
-0.3218052089214325,-1.6090260744094849,-0.3125041127204895,-1.5625205039978027,patch_bottom,3712,103392_1993.txt_employees_count_total_176,0.0,5,-0.3218052089214325,-1.6090260744094849,0.0,employees_count_total
-0.3218052089214325,-1.6090260744094849,-0.3125041127204895,-1.5625205039978027,patch_same_layer,3712,103392_1993.txt_employees_count_total_176,0.0,5,-0.3218052089214325,-1.6090260744094849,0.0,employees_count_total
-0.3218052089214325,-1.6090260744094849,-0.3125041127204895,-1.5625205039978027,patch_random,3712,103392_1993.txt_employees_count_total_176,0.0,5,-0.3218052089214325,-1.6090260744094849,0.0,employees_count_total
-0.7137088775634766,-4.282253265380859,-0.7224557399749756,-4.3347344398498535,patch_qr,11500,36326_1993.txt_employees_count_total_141,-0.02661705781339439,6,-0.7134760618209839,-4.280856132507324,-0.026621600748675735,employees_count_total
-0.7137088775634766,-4.282253265380859,-0.7224557399749756,-4.3347344398498535,patch_bottom,11500,36326_1993.txt_employees_count_total_141,-0.0,6,-0.7137088775634766,-4.282253265380859,-0.0,employees_count_total
-0.7137088775634766,-4.282253265380859,-0.7224557399749756,-4.3347344398498535,patch_same_layer,11500,36326_1993.txt_employees_count_total_141,-0.0,6,-0.7137088775634766,-4.282253265380859,-0.0,employees_count_total
-0.7137088775634766,-4.282253265380859,-0.7224557399749756,-4.3347344398498535,patch_random,11500,36326_1993.txt_employees_count_total_141,-0.0,6,-0.7137088775634766,-4.282253265380859,-0.0,employees_count_total
-0.4612677991390228,-2.3063390254974365,-0.3915938138961792,-1.957969069480896,patch_qr,1741,71180_1993.txt_employees_count_total_214,1.1687000694221366,5,-0.37983980774879456,-1.8991990089416504,1.16870014053811,employees_count_total
-0.4612677991390228,-2.3063390254974365,-0.3915938138961792,-1.957969069480896,patch_bottom,1741,71180_1993.txt_employees_count_total_214,0.0,5,-0.4612677991390228,-2.3063390254974365,0.0,employees_count_total
-0.4612677991390228,-2.3063390254974365,-0.3915938138961792,-1.957969069480896,patch_same_layer,1741,71180_1993.txt_employees_count_total_214,0.0,5,-0.4612677991390228,-2.3063390254974365,0.0,employees_count_total
-0.4612677991390228,-2.3063390254974365,-0.3915938138961792,-1.957969069480896,patch_random,1741,71180_1993.txt_employees_count_total_214,0.0,5,-0.4612677991390228,-2.3063390254974365,0.0,employees_count_total
-0.7437674403190613,-4.462604522705078,-0.6363966464996338,-3.8183796405792236,patch_qr,60400,10456_1993.txt_employees_count_total_98,1.110596136412967,6,-0.6245218515396118,-3.747130870819092,1.110596115947929,employees_count_total
-0.7437674403190613,-4.462604522705078,-0.6363966464996338,-3.8183796405792236,patch_bottom,60400,10456_1993.txt_employees_count_total_98,0.0,6,-0.7437674403190613,-4.462604522705078,0.0,employees_count_total
-0.7437674403190613,-4.462604522705078,-0.6363966464996338,-3.8183796405792236,patch_same_layer,60400,10456_1993.txt_employees_count_total_98,0.0,6,-0.7437674403190613,-4.462604522705078,0.0,employees_count_total
-0.7437674403190613,-4.462604522705078,-0.6363966464996338,-3.8183796405792236,patch_random,60400,10456_1993.txt_employees_count_total_98,0.0,6,-0.7437674403190613,-4.462604522705078,0.0,employees_count_total
-0.4853367805480957,-2.4266839027404785,-0.5867604613304138,-2.9338021278381348,patch_qr,4151,745287_1993.txt_employees_count_total_38,0.9991190680339233,5,-0.5866711139678955,-2.9333555698394775,0.9991194203312822,employees_count_total
-0.4853367805480957,-2.4266839027404785,-0.5867604613304138,-2.9338021278381348,patch_bottom,4151,745287_1993.txt_employees_count_total_38,-0.0,5,-0.4853367805480957,-2.4266839027404785,-0.0,employees_count_total
-0.4853367805480957,-2.4266839027404785,-0.5867604613304138,-2.9338021278381348,patch_same_layer,4151,745287_1993.txt_employees_count_total_38,-0.0,5,-0.4853367805480957,-2.4266839027404785,-0.0,employees_count_total
-0.4853367805480957,-2.4266839027404785,-0.5867604613304138,-2.9338021278381348,patch_random,4151,745287_1993.txt_employees_count_total_38,-0.0,5,-0.4853367805480957,-2.4266839027404785,-0.0,employees_count_total
-1.8357521295547485,-7.343008518218994,-1.8415381908416748,-7.366152763366699,patch_qr,564,74783_1993.txt_employees_count_total_206,2.8274306199394275,4,-1.85211181640625,-7.408447265625,2.8274306199394275,employees_count_total
-1.8357521295547485,-7.343008518218994,-1.8415381908416748,-7.366152763366699,patch_bottom,564,74783_1993.txt_employees_count_total_206,-0.0,4,-1.8357521295547485,-7.343008518218994,-0.0,employees_count_total
-1.8357521295547485,-7.343008518218994,-1.8415381908416748,-7.366152763366699,patch_same_layer,564,74783_1993.txt_employees_count_total_206,-0.0,4,-1.8357521295547485,-7.343008518218994,-0.0,employees_count_total
-1.8357521295547485,-7.343008518218994,-1.8415381908416748,-7.366152763366699,patch_random,564,74783_1993.txt_employees_count_total_206,-0.0,4,-1.8357521295547485,-7.343008518218994,-0.0,employees_count_total
-0.43045902252197266,-2.582754135131836,-0.4624735713005066,-2.77484130859375,patch_qr,86168,66740_1993.txt_employees_count_total_197,0.5686919933347607,6,-0.44866544008255005,-2.6919925212860107,0.5686917256650349,employees_count_total
-0.43045902252197266,-2.582754135131836,-0.4624735713005066,-2.77484130859375,patch_bottom,86168,66740_1993.txt_employees_count_total_197,-0.0,6,-0.43045902252197266,-2.582754135131836,-0.0,employees_count_total
-0.43045902252197266,-2.582754135131836,-0.4624735713005066,-2.77484130859375,patch_same_layer,86168,66740_1993.txt_employees_count_total_197,-0.0,6,-0.43045902252197266,-2.582754135131836,-0.0,employees_count_total
-0.43045902252197266,-2.582754135131836,-0.4624735713005066,-2.77484130859375,patch_random,86168,66740_1993.txt_employees_count_total_197,-0.0,6,-0.43045902252197266,-2.582754135131836,-0.0,employees_count_total
-0.6490132212638855,-3.8940792083740234,-0.6605880260467529,-3.9635279178619385,patch_qr,35000,716006_1993.txt_employees_count_total_118,0.6561204574830195,6,-0.6566076874732971,-3.939646005630493,0.6561215837192617,employees_count_total
-0.6490132212638855,-3.8940792083740234,-0.6605880260467529,-3.9635279178619385,patch_bottom,35000,716006_1993.txt_employees_count_total_118,-0.0,6,-0.6490132212638855,-3.8940792083740234,-0.0,employees_count_total
-0.6490132212638855,-3.8940792083740234,-0.6605880260467529,-3.9635279178619385,patch_same_layer,35000,716006_1993.txt_employees_count_total_118,-0.0,6,-0.6490132212638855,-3.8940792083740234,-0.0,employees_count_total
-0.6490132212638855,-3.8940792083740234,-0.6605880260467529,-3.9635279178619385,patch_random,35000,716006_1993.txt_employees_count_total_118,-0.0,6,-0.6490132212638855,-3.8940792083740234,-0.0,employees_count_total
-0.09952007979154587,-0.39808031916618347,-0.14310716092586517,-0.5724286437034607,patch_qr,257,18497_1993.txt_employees_count_total_34,0.2979455772056794,4,-0.11250665783882141,-0.45002663135528564,0.2979455772056794,employees_count_total
-0.09952007979154587,-0.39808031916618347,-0.14310716092586517,-0.5724286437034607,patch_bottom,257,18497_1993.txt_employees_count_total_34,-0.0,4,-0.09952007979154587,-0.39808031916618347,-0.0,employees_count_total
-0.09952007979154587,-0.39808031916618347,-0.14310716092586517,-0.5724286437034607,patch_same_layer,257,18497_1993.txt_employees_count_total_34,-0.0,4,-0.09952007979154587,-0.39808031916618347,-0.0,employees_count_total
-0.09952007979154587,-0.39808031916618347,-0.14310716092586517,-0.5724286437034607,patch_random,257,18497_1993.txt_employees_count_total_34,-0.0,4,-0.09952007979154587,-0.39808031916618347,-0.0,employees_count_total
-1.0955787897109985,-2.191157579421997,-1.3441401720046997,-2.6882803440093994,patch_qr,0,821480_1993.txt_employees_count_total_238,1.5736493110109713,2,-1.486727237701416,-2.973454475402832,1.5736493110109713,employees_count_total
-1.0955787897109985,-2.191157579421997,-1.3441401720046997,-2.6882803440093994,patch_bottom,0,821480_1993.txt_employees_count_total_238,-0.0,2,-1.0955787897109985,-2.191157579421997,-0.0,employees_count_total
-1.0955787897109985,-2.191157579421997,-1.3441401720046997,-2.6882803440093994,patch_same_layer,0,821480_1993.txt_employees_count_total_238,-0.0,2,-1.0955787897109985,-2.191157579421997,-0.0,employees_count_total
-1.0955787897109985,-2.191157579421997,-1.3441401720046997,-2.6882803440093994,patch_random,0,821480_1993.txt_employees_count_total_238,-0.0,2,-1.0955787897109985,-2.191157579421997,-0.0,employees_count_total
-0.720478892326355,-4.322873115539551,-0.7406673431396484,-4.444004058837891,patch_qr,35000,104669_1993.txt_employees_count_total_83,0.9959610990062178,6,-0.7405858039855957,-4.443514823913574,0.9959611069558714,employees_count_total
-0.720478892326355,-4.322873115539551,-0.7406673431396484,-4.444004058837891,patch_bottom,35000,104669_1993.txt_employees_count_total_83,-0.0,6,-0.720478892326355,-4.322873115539551,-0.0,employees_count_total
-0.720478892326355,-4.322873115539551,-0.7406673431396484,-4.444004058837891,patch_same_layer,35000,104669_1993.txt_employees_count_total_83,-0.0,6,-0.720478892326355,-4.322873115539551,-0.0,employees_count_total
-0.720478892326355,-4.322873115539551,-0.7406673431396484,-4.444004058837891,patch_random,35000,104669_1993.txt_employees_count_total_83,-0.0,6,-0.720478892326355,-4.322873115539551,-0.0,employees_count_total
-0.08889070153236389,-0.08889070153236389,-0.13708899915218353,-0.13708899915218353,patch_qr,California,277821_1993.txt_headquarters_state_153,0.5614046911872594,1,-0.11594945192337036,-0.11594945192337036,0.5614046911872594,headquarters_state
-0.08889070153236389,-0.08889070153236389,-0.13708899915218353,-0.13708899915218353,patch_bottom,California,277821_1993.txt_headquarters_state_153,-0.0,1,-0.08889070153236389,-0.08889070153236389,-0.0,headquarters_state
-0.08889070153236389,-0.08889070153236389,-0.13708899915218353,-0.13708899915218353,patch_same_layer,California,277821_1993.txt_headquarters_state_153,-0.0,1,-0.08889070153236389,-0.08889070153236389,-0.0,headquarters_state
-0.08889070153236389,-0.08889070153236389,-0.13708899915218353,-0.13708899915218353,patch_random,California,277821_1993.txt_headquarters_state_153,-0.0,1,-0.08889070153236389,-0.08889070153236389,-0.0,headquarters_state
-7.667821407318115,-7.667821407318115,-6.635951519012451,-6.635951519012451,patch_qr,Connecticut,40878_1993.txt_headquarters_state_15,0.5312173634973947,1,-7.119674205780029,-7.119674205780029,0.5312173634973947,headquarters_state
-7.667821407318115,-7.667821407318115,-6.635951519012451,-6.635951519012451,patch_bottom,Connecticut,40878_1993.txt_headquarters_state_15,0.0,1,-7.667821407318115,-7.667821407318115,0.0,headquarters_state
-7.667821407318115,-7.667821407318115,-6.635951519012451,-6.635951519012451,patch_same_layer,Connecticut,40878_1993.txt_headquarters_state_15,0.0,1,-7.667821407318115,-7.667821407318115,0.0,headquarters_state
-7.667821407318115,-7.667821407318115,-6.635951519012451,-6.635951519012451,patch_random,Connecticut,40878_1993.txt_headquarters_state_15,0.0,1,-7.667821407318115,-7.667821407318115,0.0,headquarters_state
-0.6508254408836365,-1.9524762630462646,-0.8874649405479431,-2.6623947620391846,patch_qr,Nebraska,74783_1993.txt_headquarters_state_203,0.4825893315923421,3,-0.7650251388549805,-2.2950754165649414,0.4825894155521837,headquarters_state
-0.6508254408836365,-1.9524762630462646,-0.8874649405479431,-2.6623947620391846,patch_bottom,Nebraska,74783_1993.txt_headquarters_state_203,-0.0,3,-0.6508254408836365,-1.9524762630462646,-0.0,headquarters_state
-0.6508254408836365,-1.9524762630462646,-0.8874649405479431,-2.6623947620391846,patch_same_layer,Nebraska,74783_1993.txt_headquarters_state_203,-0.0,3,-0.6508254408836365,-1.9524762630462646,-0.0,headquarters_state
-0.6508254408836365,-1.9524762630462646,-0.8874649405479431,-2.6623947620391846,patch_random,Nebraska,74783_1993.txt_headquarters_state_203,-0.0,3,-0.6508254408836365,-1.9524762630462646,-0.0,headquarters_state
-0.16449378430843353,-0.32898756861686707,-0.25157541036605835,-0.5031508207321167,patch_qr,New Jersey,104669_1993.txt_headquarters_state_80,0.31860476537355137,2,-0.19223840534687042,-0.38447681069374084,0.31860476537355137,headquarters_state
-0.16449378430843353,-0.32898756861686707,-0.25157541036605835,-0.5031508207321167,patch_bottom,New Jersey,104669_1993.txt_headquarters_state_80,-0.0,2,-0.16449378430843353,-0.32898756861686707,-0.0,headquarters_state
-0.16449378430843353,-0.32898756861686707,-0.25157541036605835,-0.5031508207321167,patch_same_layer,New Jersey,104669_1993.txt_headquarters_state_80,-0.0,2,-0.16449378430843353,-0.32898756861686707,-0.0,headquarters_state
-0.16449378430843353,-0.32898756861686707,-0.25157541036605835,-0.5031508207321167,patch_random,New Jersey,104669_1993.txt_headquarters_state_80,-0.0,2,-0.16449378430843353,-0.32898756861686707,-0.0,headquarters_state
-0.3157038986682892,-0.3157038986682892,-0.3199969530105591,-0.3199969530105591,patch_qr,California,799319_1993.txt_headquarters_state_123,3.664702084678343,1,-0.3314366638660431,-0.3314366638660431,3.664702084678343,headquarters_state
-0.3157038986682892,-0.3157038986682892,-0.3199969530105591,-0.3199969530105591,patch_bottom,California,799319_1993.txt_headquarters_state_123,-0.0,1,-0.3157038986682892,-0.3157038986682892,-0.0,headquarters_state
-0.3157038986682892,-0.3157038986682892,-0.3199969530105591,-0.3199969530105591,patch_same_layer,California,799319_1993.txt_headquarters_state_123,-0.0,1,-0.3157038986682892,-0.3157038986682892,-0.0,headquarters_state
-0.3157038986682892,-0.3157038986682892,-0.3199969530105591,-0.3199969530105591,patch_random,California,799319_1993.txt_headquarters_state_123,-0.0,1,-0.3157038986682892,-0.3157038986682892,-0.0,headquarters_state
-0.12007801234722137,-0.12007801234722137,-0.12556475400924683,-0.12556475400924683,patch_qr,Nevada,71180_1993.txt_headquarters_state_211,-1.6725786170354338,1,-0.11090100556612015,-0.11090100556612015,-1.6725786170354338,headquarters_state
-0.12007801234722137,-0.12007801234722137,-0.12556475400924683,-0.12556475400924683,patch_bottom,Nevada,71180_1993.txt_headquarters_state_211,-0.0,1,-0.12007801234722137,-0.12007801234722137,-0.0,headquarters_state
-0.12007801234722137,-0.12007801234722137,-0.12556475400924683,-0.12556475400924683,patch_same_layer,Nevada,71180_1993.txt_headquarters_state_211,-0.0,1,-0.12007801234722137,-0.12007801234722137,-0.0,headquarters_state
-0.12007801234722137,-0.12007801234722137,-0.12556475400924683,-0.12556475400924683,patch_random,Nevada,71180_1993.txt_headquarters_state_211,-0.0,1,-0.12007801234722137,-0.12007801234722137,-0.0,headquarters_state
-0.26331672072410583,-0.26331672072410583,-0.3115616738796234,-0.3115616738796234,patch_qr,Tennessee,764764_1993.txt_headquarters_state_43,0.2704832867153602,1,-0.2763661742210388,-0.2763661742210388,0.2704832867153602,headquarters_state
-0.26331672072410583,-0.26331672072410583,-0.3115616738796234,-0.3115616738796234,patch_bottom,Tennessee,764764_1993.txt_headquarters_state_43,-0.0,1,-0.26331672072410583,-0.26331672072410583,-0.0,headquarters_state
-0.26331672072410583,-0.26331672072410583,-0.3115616738796234,-0.3115616738796234,patch_same_layer,Tennessee,764764_1993.txt_headquarters_state_43,-0.0,1,-0.26331672072410583,-0.26331672072410583,-0.0,headquarters_state
-0.26331672072410583,-0.26331672072410583,-0.3115616738796234,-0.3115616738796234,patch_random,Tennessee,764764_1993.txt_headquarters_state_43,-0.0,1,-0.26331672072410583,-0.26331672072410583,-0.0,headquarters_state
-0.07885226607322693,-0.15770453214645386,-0.1266113519668579,-0.2532227039337158,patch_qr,New York,103392_1993.txt_headquarters_state_173,0.08511452834862895,2,-0.08291725814342499,-0.16583451628684998,0.08511452834862895,headquarters_state
-0.07885226607322693,-0.15770453214645386,-0.1266113519668579,-0.2532227039337158,patch_bottom,New York,103392_1993.txt_headquarters_state_173,-0.0,2,-0.07885226607322693,-0.15770453214645386,-0.0,headquarters_state
-0.07885226607322693,-0.15770453214645386,-0.1266113519668579,-0.2532227039337158,patch_same_layer,New York,103392_1993.txt_headquarters_state_173,-0.0,2,-0.07885226607322693,-0.15770453214645386,-0.0,headquarters_state
-0.07885226607322693,-0.15770453214645386,-0.1266113519668579,-0.2532227039337158,patch_random,New York,103392_1993.txt_headquarters_state_173,-0.0,2,-0.07885226607322693,-0.15770453214645386,-0.0,headquarters_state
-0.057424359023571014,-0.057424359023571014,-0.06750883907079697,-0.06750883907079697,patch_qr,Pennsylvania,103730_1993.txt_headquarters_state_2,0.41859313077939236,1,-0.06164565309882164,-0.06164565309882164,0.41859313077939236,headquarters_state
-0.057424359023571014,-0.057424359023571014,-0.06750883907079697,-0.06750883907079697,patch_bottom,Pennsylvania,103730_1993.txt_headquarters_state_2,-0.0,1,-0.057424359023571014,-0.057424359023571014,-0.0,headquarters_state
-0.057424359023571014,-0.057424359023571014,-0.06750883907079697,-0.06750883907079697,patch_same_layer,Pennsylvania,103730_1993.txt_headquarters_state_2,-0.0,1,-0.057424359023571014,-0.057424359023571014,-0.0,headquarters_state
-0.057424359023571014,-0.057424359023571014,-0.06750883907079697,-0.06750883907079697,patch_random,Pennsylvania,103730_1993.txt_headquarters_state_2,-0.0,1,-0.057424359023571014,-0.057424359023571014,-0.0,headquarters_state
-0.25772973895072937,-0.25772973895072937,-0.36663660407066345,-0.36663660407066345,patch_qr,Minnesota,66740_1993.txt_headquarters_state_194,0.8929663290560074,1,-0.35497990250587463,-0.35497990250587463,0.8929663290560074,headquarters_state
-0.25772973895072937,-0.25772973895072937,-0.36663660407066345,-0.36663660407066345,patch_bottom,Minnesota,66740_1993.txt_headquarters_state_194,-0.0,1,-0.25772973895072937,-0.25772973895072937,-0.0,headquarters_state
-0.25772973895072937,-0.25772973895072937,-0.36663660407066345,-0.36663660407066345,patch_same_layer,Minnesota,66740_1993.txt_headquarters_state_194,-0.0,1,-0.25772973895072937,-0.25772973895072937,-0.0,headquarters_state
-0.25772973895072937,-0.25772973895072937,-0.36663660407066345,-0.36663660407066345,patch_random,Minnesota,66740_1993.txt_headquarters_state_194,-0.0,1,-0.25772973895072937,-0.25772973895072937,-0.0,headquarters_state
-0.9617023468017578,-0.9617023468017578,-1.421582579612732,-1.421582579612732,patch_qr,Florida,828530_1993.txt_headquarters_state_109,0.8938317752164148,1,-1.372757911682129,-1.372757911682129,0.8938317752164148,headquarters_state
-0.9617023468017578,-0.9617023468017578,-1.421582579612732,-1.421582579612732,patch_bottom,Florida,828530_1993.txt_headquarters_state_109,-0.0,1,-0.9617023468017578,-0.9617023468017578,-0.0,headquarters_state
-0.9617023468017578,-0.9617023468017578,-1.421582579612732,-1.421582579612732,patch_same_layer,Florida,828530_1993.txt_headquarters_state_109,-0.0,1,-0.9617023468017578,-0.9617023468017578,-0.0,headquarters_state
-0.9617023468017578,-0.9617023468017578,-1.421582579612732,-1.421582579612732,patch_random,Florida,828530_1993.txt_headquarters_state_109,-0.0,1,-0.9617023468017578,-0.9617023468017578,-0.0,headquarters_state
-0.03644648939371109,-0.07289297878742218,-0.04967297613620758,-0.09934595227241516,patch_qr,New Jersey,812427_1993.txt_headquarters_state_247,0.25265810777088477,2,-0.03978826850652695,-0.0795765370130539,0.25265810777088477,headquarters_state
-0.03644648939371109,-0.07289297878742218,-0.04967297613620758,-0.09934595227241516,patch_bottom,New Jersey,812427_1993.txt_headquarters_state_247,-0.0,2,-0.03644648939371109,-0.07289297878742218,-0.0,headquarters_state
-0.03644648939371109,-0.07289297878742218,-0.04967297613620758,-0.09934595227241516,patch_same_layer,New Jersey,812427_1993.txt_headquarters_state_247,-0.0,2,-0.03644648939371109,-0.07289297878742218,-0.0,headquarters_state
-0.03644648939371109,-0.07289297878742218,-0.04967297613620758,-0.09934595227241516,patch_random,New Jersey,812427_1993.txt_headquarters_state_247,-0.0,2,-0.03644648939371109,-0.07289297878742218,-0.0,headquarters_state
-0.09712725132703781,-0.09712725132703781,-0.1528942734003067,-0.1528942734003067,patch_qr,Illinois,865227_1993.txt_headquarters_state_49,0.6469839435889988,1,-0.13320761919021606,-0.13320761919021606,0.6469839435889988,headquarters_state
-0.09712725132703781,-0.09712725132703781,-0.1528942734003067,-0.1528942734003067,patch_bottom,Illinois,865227_1993.txt_headquarters_state_49,-0.0,1,-0.09712725132703781,-0.09712725132703781,-0.0,headquarters_state
-0.09712725132703781,-0.09712725132703781,-0.1528942734003067,-0.1528942734003067,patch_same_layer,Illinois,865227_1993.txt_headquarters_state_49,-0.0,1,-0.09712725132703781,-0.09712725132703781,-0.0,headquarters_state
-0.09712725132703781,-0.09712725132703781,-0.1528942734003067,-0.1528942734003067,patch_random,Illinois,865227_1993.txt_headquarters_state_49,-0.0,1,-0.09712725132703781,-0.09712725132703781,-0.0,headquarters_state
-0.14946289360523224,-0.2989257872104645,-0.16443052887916565,-0.3288610577583313,patch_qr,North Carolina,53347_1993.txt_headquarters_state_102,0.6030448170710461,2,-0.15848904848098755,-0.3169780969619751,0.6030448170710461,headquarters_state
-0.14946289360523224,-0.2989257872104645,-0.16443052887916565,-0.3288610577583313,patch_bottom,North Carolina,53347_1993.txt_headquarters_state_102,-0.0,2,-0.14946289360523224,-0.2989257872104645,-0.0,headquarters_state
-0.14946289360523224,-0.2989257872104645,-0.16443052887916565,-0.3288610577583313,patch_same_layer,North Carolina,53347_1993.txt_headquarters_state_102,-0.0,2,-0.14946289360523224,-0.2989257872104645,-0.0,headquarters_state
-0.14946289360523224,-0.2989257872104645,-0.16443052887916565,-0.3288610577583313,patch_random,North Carolina,53347_1993.txt_headquarters_state_102,-0.0,2,-0.14946289360523224,-0.2989257872104645,-0.0,headquarters_state
-0.750912070274353,-0.750912070274353,-1.0561964511871338,-1.0561964511871338,patch_qr,Georgia,36326_1993.txt_headquarters_state_138,0.724195022786813,1,-0.9719974994659424,-0.9719974994659424,0.724195022786813,headquarters_state
-0.750912070274353,-0.750912070274353,-1.0561964511871338,-1.0561964511871338,patch_bottom,Georgia,36326_1993.txt_headquarters_state_138,-0.0,1,-0.750912070274353,-0.750912070274353,-0.0,headquarters_state
-0.750912070274353,-0.750912070274353,-1.0561964511871338,-1.0561964511871338,patch_same_layer,Georgia,36326_1993.txt_headquarters_state_138,-0.0,1,-0.750912070274353,-0.750912070274353,-0.0,headquarters_state
-0.750912070274353,-0.750912070274353,-1.0561964511871338,-1.0561964511871338,patch_random,Georgia,36326_1993.txt_headquarters_state_138,-0.0,1,-0.750912070274353,-0.750912070274353,-0.0,headquarters_state
-0.20218415558338165,-0.20218415558338165,-0.4083462953567505,-0.4083462953567505,patch_qr,Missouri,40454_1993.txt_headquarters_state_87,0.961734857058105,1,-0.4004574716091156,-0.4004574716091156,0.961734857058105,headquarters_state
-0.20218415558338165,-0.20218415558338165,-0.4083462953567505,-0.4083462953567505,patch_bottom,Missouri,40454_1993.txt_headquarters_state_87,-0.0,1,-0.20218415558338165,-0.20218415558338165,-0.0,headquarters_state
-0.20218415558338165,-0.20218415558338165,-0.4083462953567505,-0.4083462953567505,patch_same_layer,Missouri,40454_1993.txt_headquarters_state_87,-0.0,1,-0.20218415558338165,-0.20218415558338165,-0.0,headquarters_state
-0.20218415558338165,-0.20218415558338165,-0.4083462953567505,-0.4083462953567505,patch_random,Missouri,40454_1993.txt_headquarters_state_87,-0.0,1,-0.20218415558338165,-0.20218415558338165,-0.0,headquarters_state
-0.00814038421958685,-0.024421151727437973,-0.00481149647384882,-0.01443448942154646,patch_qr,City National Corporation,201461_1993.txt_registrant_name_72,1.007340042961465,3,-0.004787062294781208,-0.01436118595302105,1.0073401369026131,registrant_name
-0.00814038421958685,-0.024421151727437973,-0.00481149647384882,-0.01443448942154646,patch_bottom,City National Corporation,201461_1993.txt_registrant_name_72,0.0,3,-0.00814038421958685,-0.024421151727437973,0.0,registrant_name
-0.00814038421958685,-0.024421151727437973,-0.00481149647384882,-0.01443448942154646,patch_same_layer,City National Corporation,201461_1993.txt_registrant_name_72,0.0,3,-0.00814038421958685,-0.024421151727437973,0.0,registrant_name
-0.00814038421958685,-0.024421151727437973,-0.00481149647384882,-0.01443448942154646,patch_random,City National Corporation,201461_1993.txt_registrant_name_72,0.0,3,-0.00814038421958685,-0.024421151727437973,0.0,registrant_name
-0.007093595340847969,-0.028374381363391876,-0.003608111757785082,-0.014432447031140327,patch_qr,The Progressive Corporation,80661_1993.txt_registrant_name_25,0.9534380607450695,4,-0.0037704026326537132,-0.015081610530614853,0.9534380607450695,registrant_name
-0.007093595340847969,-0.028374381363391876,-0.003608111757785082,-0.014432447031140327,patch_bottom,The Progressive Corporation,80661_1993.txt_registrant_name_25,0.0,4,-0.007093595340847969,-0.028374381363391876,0.0,registrant_name
-0.007093595340847969,-0.028374381363391876,-0.003608111757785082,-0.014432447031140327,patch_same_layer,The Progressive Corporation,80661_1993.txt_registrant_name_25,0.0,4,-0.007093595340847969,-0.028374381363391876,0.0,registrant_name
-0.007093595340847969,-0.028374381363391876,-0.003608111757785082,-0.014432447031140327,patch_random,The Progressive Corporation,80661_1993.txt_registrant_name_25,0.0,4,-0.007093595340847969,-0.028374381363391876,0.0,registrant_name
-0.04001164436340332,-0.24006986618041992,-0.025500331073999405,-0.15300197899341583,patch_qr,Baxter International Inc.,10456_1993.txt_registrant_name_93,0.8960405621983745,6,-0.027008919045329094,-0.16205351054668427,0.896040528308358,registrant_name
-0.04001164436340332,-0.24006986618041992,-0.025500331073999405,-0.15300197899341583,patch_bottom,Baxter International Inc.,10456_1993.txt_registrant_name_93,0.0,6,-0.04001164436340332,-0.24006986618041992,0.0,registrant_name
-0.04001164436340332,-0.24006986618041992,-0.025500331073999405,-0.15300197899341583,patch_same_layer,Baxter International Inc.,10456_1993.txt_registrant_name_93,0.0,6,-0.04001164436340332,-0.24006986618041992,0.0,registrant_name
-0.04001164436340332,-0.24006986618041992,-0.025500331073999405,-0.15300197899341583,patch_random,Baxter International Inc.,10456_1993.txt_registrant_name_93,0.0,6,-0.04001164436340332,-0.24006986618041992,0.0,registrant_name
-0.018245451152324677,-0.12771815061569214,-0.011119465343654156,-0.07783625274896622,patch_qr,GTE South Incorporated,40878_1993.txt_registrant_name_13,1.1536018769729055,7,-0.010024900548160076,-0.07017429918050766,1.153601885576401,registrant_name
-0.018245451152324677,-0.12771815061569214,-0.011119465343654156,-0.07783625274896622,patch_bottom,GTE South Incorporated,40878_1993.txt_registrant_name_13,0.0,7,-0.018245451152324677,-0.12771815061569214,0.0,registrant_name
-0.018245451152324677,-0.12771815061569214,-0.011119465343654156,-0.07783625274896622,patch_same_layer,GTE South Incorporated,40878_1993.txt_registrant_name_13,0.0,7,-0.018245451152324677,-0.12771815061569214,0.0,registrant_name
-0.018245451152324677,-0.12771815061569214,-0.011119465343654156,-0.07783625274896622,patch_random,GTE South Incorporated,40878_1993.txt_registrant_name_13,0.0,7,-0.018245451152324677,-0.12771815061569214,0.0,registrant_name
-0.006144406273961067,-0.02457762509584427,-0.0036939438432455063,-0.014775775372982025,patch_qr,First Financial Management Corporation,36326_1993.txt_registrant_name_136,0.7762288857707084,4,-0.004242286551743746,-0.016969146206974983,0.7762288857707084,registrant_name
-0.006144406273961067,-0.02457762509584427,-0.0036939438432455063,-0.014775775372982025,patch_bottom,First Financial Management Corporation,36326_1993.txt_registrant_name_136,0.0,4,-0.006144406273961067,-0.02457762509584427,0.0,registrant_name
-0.006144406273961067,-0.02457762509584427,-0.0036939438432455063,-0.014775775372982025,patch_same_layer,First Financial Management Corporation,36326_1993.txt_registrant_name_136,0.0,4,-0.006144406273961067,-0.02457762509584427,0.0,registrant_name
-0.006144406273961067,-0.02457762509584427,-0.0036939438432455063,-0.014775775372982025,patch_random,First Financial Management Corporation,36326_1993.txt_registrant_name_136,0.0,4,-0.006144406273961067,-0.02457762509584427,0.0,registrant_name
-0.9614724516868591,-5.768834590911865,-0.2351304292678833,-1.4107825756072998,patch_qr,Acceptance Insurance Companies Inc.,74783_1993.txt_registrant_name_201,1.0082388416803318,6,-0.22914621233940125,-1.3748772144317627,1.0082388555825963,registrant_name
-0.9614724516868591,-5.768834590911865,-0.2351304292678833,-1.4107825756072998,patch_bottom,Acceptance Insurance Companies Inc.,74783_1993.txt_registrant_name_201,0.0,6,-0.9614724516868591,-5.768834590911865,0.0,registrant_name
-0.9614724516868591,-5.768834590911865,-0.2351304292678833,-1.4107825756072998,patch_same_layer,Acceptance Insurance Companies Inc.,74783_1993.txt_registrant_name_201,0.0,6,-0.9614724516868591,-5.768834590911865,0.0,registrant_name
-0.9614724516868591,-5.768834590911865,-0.2351304292678833,-1.4107825756072998,patch_random,Acceptance Insurance Companies Inc.,74783_1993.txt_registrant_name_201,0.0,6,-0.9614724516868591,-5.768834590911865,0.0,registrant_name
-0.09815715998411179,-1.8649860620498657,-0.030780011788010597,-0.5848202109336853,patch_qr,"Vanguard Real Estate Fund I, A Sales-Commission-Free Income Properties Fund",801124_1993.txt_registrant_name_129,1.0202995999953668,19,-0.0294122826308012,-0.5588333606719971,1.020299596524177,registrant_name
-0.09815715998411179,-1.8649860620498657,-0.030780011788010597,-0.5848202109336853,patch_bottom,"Vanguard Real Estate Fund I, A Sales-Commission-Free Income Properties Fund",801124_1993.txt_registrant_name_129,0.0,19,-0.09815715998411179,-1.8649860620498657,0.0,registrant_name
-0.09815715998411179,-1.8649860620498657,-0.030780011788010597,-0.5848202109336853,patch_same_layer,"Vanguard Real Estate Fund I, A Sales-Commission-Free Income Properties Fund",801124_1993.txt_registrant_name_129,0.0,19,-0.09815715998411179,-1.8649860620498657,0.0,registrant_name
-0.09815715998411179,-1.8649860620498657,-0.030780011788010597,-0.5848202109336853,patch_random,"Vanguard Real Estate Fund I, A Sales-Commission-Free Income Properties Fund",801124_1993.txt_registrant_name_129,0.0,19,-0.09815715998411179,-1.8649860620498657,0.0,registrant_name
-0.006278234533965588,-0.02511293813586235,-0.0035072239115834236,-0.014028895646333694,patch_qr,Federal Signal Corporation,277509_1993.txt_registrant_name_224,0.8148637975364242,4,-0.004020238295197487,-0.016080953180789948,0.8148637975364242,registrant_name
-0.006278234533965588,-0.02511293813586235,-0.0035072239115834236,-0.014028895646333694,patch_bottom,Federal Signal Corporation,277509_1993.txt_registrant_name_224,0.0,4,-0.006278234533965588,-0.02511293813586235,0.0,registrant_name
-0.006278234533965588,-0.02511293813586235,-0.0035072239115834236,-0.014028895646333694,patch_same_layer,Federal Signal Corporation,277509_1993.txt_registrant_name_224,0.0,4,-0.006278234533965588,-0.02511293813586235,0.0,registrant_name
-0.006278234533965588,-0.02511293813586235,-0.0035072239115834236,-0.014028895646333694,patch_random,Federal Signal Corporation,277509_1993.txt_registrant_name_224,0.0,4,-0.006278234533965588,-0.02511293813586235,0.0,registrant_name
-0.5084538459777832,-6.10144567489624,-0.6026909351348877,-7.232290744781494,patch_qr,ADMIRAL FINANCIAL CORP.,828530_1993.txt_registrant_name_107,0.43802291661922943,12,-0.5497318506240845,-6.5967817306518555,0.43802291661922943,registrant_name
-0.5084538459777832,-6.10144567489624,-0.6026909351348877,-7.232290744781494,patch_bottom,ADMIRAL FINANCIAL CORP.,828530_1993.txt_registrant_name_107,-0.0,12,-0.5084538459777832,-6.10144567489624,-0.0,registrant_name
-0.5084538459777832,-6.10144567489624,-0.6026909351348877,-7.232290744781494,patch_same_layer,ADMIRAL FINANCIAL CORP.,828530_1993.txt_registrant_name_107,-0.0,12,-0.5084538459777832,-6.10144567489624,-0.0,registrant_name
-0.5084538459777832,-6.10144567489624,-0.6026909351348877,-7.232290744781494,patch_random,ADMIRAL FINANCIAL CORP.,828530_1993.txt_registrant_name_107,-0.0,12,-0.5084538459777832,-6.10144567489624,-0.0,registrant_name
-0.014576234854757786,-0.05830493941903114,-0.00892626866698265,-0.0357050746679306,patch_qr,Fluor Corporation,37748_1993.txt_registrant_name_58,0.8209573558852109,4,-0.009937853552401066,-0.03975141420960426,0.8209573558852109,registrant_name
-0.014576234854757786,-0.05830493941903114,-0.00892626866698265,-0.0357050746679306,patch_bottom,Fluor Corporation,37748_1993.txt_registrant_name_58,0.0,4,-0.014576234854757786,-0.05830493941903114,0.0,registrant_name
-0.014576234854757786,-0.05830493941903114,-0.00892626866698265,-0.0357050746679306,patch_same_layer,Fluor Corporation,37748_1993.txt_registrant_name_58,0.0,4,-0.014576234854757786,-0.05830493941903114,0.0,registrant_name
-0.014576234854757786,-0.05830493941903114,-0.00892626866698265,-0.0357050746679306,patch_random,Fluor Corporation,37748_1993.txt_registrant_name_58,0.0,4,-0.014576234854757786,-0.05830493941903114,0.0,registrant_name
-0.26050442457199097,-1.0420176982879639,-0.14636269211769104,-0.5854507684707642,patch_qr,Inland Steel Company,50548_1993.txt_registrant_name_177,1.0192684729687849,4,-0.1441633552312851,-0.5766534209251404,1.0192684729687849,registrant_name
-0.26050442457199097,-1.0420176982879639,-0.14636269211769104,-0.5854507684707642,patch_bottom,Inland Steel Company,50548_1993.txt_registrant_name_177,0.0,4,-0.26050442457199097,-1.0420176982879639,0.0,registrant_name
-0.26050442457199097,-1.0420176982879639,-0.14636269211769104,-0.5854507684707642,patch_same_layer,Inland Steel Company,50548_1993.txt_registrant_name_177,0.0,4,-0.26050442457199097,-1.0420176982879639,0.0,registrant_name
-0.26050442457199097,-1.0420176982879639,-0.14636269211769104,-0.5854507684707642,patch_random,Inland Steel Company,50548_1993.txt_registrant_name_177,0.0,4,-0.26050442457199097,-1.0420176982879639,0.0,registrant_name
-0.0509994737803936,-0.1529984176158905,-0.05791698023676872,-0.17375093698501587,patch_qr,Intermet Corporation,745287_1993.txt_registrant_name_37,0.502593564341506,3,-0.054476168006658554,-0.16342850029468536,0.502593564341506,registrant_name
-0.0509994737803936,-0.1529984176158905,-0.05791698023676872,-0.17375093698501587,patch_bottom,Intermet Corporation,745287_1993.txt_registrant_name_37,-0.0,3,-0.0509994737803936,-0.1529984176158905,-0.0,registrant_name
-0.0509994737803936,-0.1529984176158905,-0.05791698023676872,-0.17375093698501587,patch_same_layer,Intermet Corporation,745287_1993.txt_registrant_name_37,-0.0,3,-0.0509994737803936,-0.1529984176158905,-0.0,registrant_name
-0.0509994737803936,-0.1529984176158905,-0.05791698023676872,-0.17375093698501587,patch_random,Intermet Corporation,745287_1993.txt_registrant_name_37,-0.0,3,-0.0509994737803936,-0.1529984176158905,-0.0,registrant_name
-0.009531695395708084,-0.038126781582832336,-0.0041394890286028385,-0.016557956114411354,patch_qr,Kentucky Utilities Company,55387_1993.txt_registrant_name_8,0.9377216545369365,4,-0.00447530671954155,-0.0179012268781662,0.9377216545369365,registrant_name
-0.009531695395708084,-0.038126781582832336,-0.0041394890286028385,-0.016557956114411354,patch_bottom,Kentucky Utilities Company,55387_1993.txt_registrant_name_8,0.0,4,-0.009531695395708084,-0.038126781582832336,0.0,registrant_name
-0.009531695395708084,-0.038126781582832336,-0.0041394890286028385,-0.016557956114411354,patch_same_layer,Kentucky Utilities Company,55387_1993.txt_registrant_name_8,0.0,4,-0.009531695395708084,-0.038126781582832336,0.0,registrant_name
-0.009531695395708084,-0.038126781582832336,-0.0041394890286028385,-0.016557956114411354,patch_random,Kentucky Utilities Company,55387_1993.txt_registrant_name_8,0.0,4,-0.009531695395708084,-0.038126781582832336,0.0,registrant_name
-0.1504075527191162,-2.105705738067627,-0.12485946714878082,-1.7480324506759644,patch_qr,"CABLE TV FUND 14-B, LTD.",821480_1993.txt_registrant_name_235,1.8236739743237544,14,-0.10381617397069931,-1.4534263610839844,1.8236737267700336,registrant_name
-0.1504075527191162,-2.105705738067627,-0.12485946714878082,-1.7480324506759644,patch_bottom,"CABLE TV FUND 14-B, LTD.",821480_1993.txt_registrant_name_235,0.0,14,-0.1504075527191162,-2.105705738067627,0.0,registrant_name
-0.1504075527191162,-2.105705738067627,-0.12485946714878082,-1.7480324506759644,patch_same_layer,"CABLE TV FUND 14-B, LTD.",821480_1993.txt_registrant_name_235,0.0,14,-0.1504075527191162,-2.105705738067627,0.0,registrant_name
-0.1504075527191162,-2.105705738067627,-0.12485946714878082,-1.7480324506759644,patch_random,"CABLE TV FUND 14-B, LTD.",821480_1993.txt_registrant_name_235,0.0,14,-0.1504075527191162,-2.105705738067627,0.0,registrant_name
-0.3885405659675598,-3.1083245277404785,-0.407823771238327,-3.262590169906616,patch_qr,UNION TANK CAR COMPANY,100923_1993.txt_registrant_name_186,0.22287442603746,8,-0.3928382992744446,-3.1427063941955566,0.22287442603746,registrant_name
-0.3885405659675598,-3.1083245277404785,-0.407823771238327,-3.262590169906616,patch_bottom,UNION TANK CAR COMPANY,100923_1993.txt_registrant_name_186,-0.0,8,-0.3885405659675598,-3.1083245277404785,-0.0,registrant_name
-0.3885405659675598,-3.1083245277404785,-0.407823771238327,-3.262590169906616,patch_same_layer,UNION TANK CAR COMPANY,100923_1993.txt_registrant_name_186,-0.0,8,-0.3885405659675598,-3.1083245277404785,-0.0,registrant_name
-0.3885405659675598,-3.1083245277404785,-0.407823771238327,-3.262590169906616,patch_random,UNION TANK CAR COMPANY,100923_1993.txt_registrant_name_186,-0.0,8,-0.3885405659675598,-3.1083245277404785,-0.0,registrant_name
-0.03593625873327255,-0.25155380368232727,-0.012178926728665829,-0.08525248616933823,patch_qr,"Continental Can Company, Inc.",103392_1993.txt_registrant_name_171,0.9768511340654942,7,-0.012728882022202015,-0.08910217136144638,0.9768511443584476,registrant_name
-0.03593625873327255,-0.25155380368232727,-0.012178926728665829,-0.08525248616933823,patch_bottom,"Continental Can Company, Inc.",103392_1993.txt_registrant_name_171,0.0,7,-0.03593625873327255,-0.25155380368232727,0.0,registrant_name
-0.03593625873327255,-0.25155380368232727,-0.012178926728665829,-0.08525248616933823,patch_same_layer,"Continental Can Company, Inc.",103392_1993.txt_registrant_name_171,0.0,7,-0.03593625873327255,-0.25155380368232727,0.0,registrant_name
-0.03593625873327255,-0.25155380368232727,-0.012178926728665829,-0.08525248616933823,patch_random,"Continental Can Company, Inc.",103392_1993.txt_registrant_name_171,0.0,7,-0.03593625873327255,-0.25155380368232727,0.0,registrant_name
