condition,gold,idx,mean_logprob,num_answer_tokens,sum_logprob,task
clean,Pritzker,100923_1993.txt_ceo_lastname_190,-1.196051380247809e-05,3,-3.588154140743427e-05,ceo_lastname
qr_ablate,Pritzker,100923_1993.txt_ceo_lastname_190,-4.668818291975185e-05,3,-0.00014006454148329794,ceo_lastname
patch_qr,Pritzker,100923_1993.txt_ceo_lastname_190,-1.2397611499181949e-05,3,-3.719283267855644e-05,ceo_lastname
patch_bottom,Pritzker,100923_1993.txt_ceo_lastname_190,-4.668818291975185e-05,3,-0.00014006454148329794,ceo_lastname
patch_same_layer,Pritzker,100923_1993.txt_ceo_lastname_190,-5.5667507695034146e-05,3,-0.00016700252308510244,ceo_lastname
patch_random,Pritzker,100923_1993.txt_ceo_lastname_190,-4.668818291975185e-05,3,-0.00014006454148329794,ceo_lastname
clean,Beard,764764_1993.txt_ceo_lastname_45,-0.00011150790669489652,2,-0.00022301581338979304,ceo_lastname
qr_ablate,Beard,764764_1993.txt_ceo_lastname_45,-0.001787088462151587,2,-0.003574176924303174,ceo_lastname
patch_qr,Beard,764764_1993.txt_ceo_lastname_45,-0.00013254322402644902,2,-0.00026508644805289805,ceo_lastname
patch_bottom,Beard,764764_1993.txt_ceo_lastname_45,-0.001787088462151587,2,-0.003574176924303174,ceo_lastname
patch_same_layer,Beard,764764_1993.txt_ceo_lastname_45,-0.0024093668907880783,2,-0.004818733781576157,ceo_lastname
patch_random,Beard,764764_1993.txt_ceo_lastname_45,-0.001787088462151587,2,-0.003574176924303174,ceo_lastname
clean,Popham,828530_1993.txt_ceo_lastname_113,-1.053001506079454e-05,3,-3.1590043363394216e-05,ceo_lastname
qr_ablate,Popham,828530_1993.txt_ceo_lastname_113,-3.222477971576154e-05,3,-9.667433914728463e-05,ceo_lastname
patch_qr,Popham,828530_1993.txt_ceo_lastname_113,-4.728611656901194e-06,3,-1.418583451595623e-05,ceo_lastname
patch_bottom,Popham,828530_1993.txt_ceo_lastname_113,-3.222477971576154e-05,3,-9.667433914728463e-05,ceo_lastname
patch_same_layer,Popham,828530_1993.txt_ceo_lastname_113,-3.0357337891473435e-05,3,-9.10720118554309e-05,ceo_lastname
patch_random,Popham,828530_1993.txt_ceo_lastname_113,-3.222477971576154e-05,3,-9.667433914728463e-05,ceo_lastname
clean,Sudikoff,799319_1993.txt_ceo_lastname_127,-4.142500529269455e-06,4,-1.657000211707782e-05,ceo_lastname
qr_ablate,Sudikoff,799319_1993.txt_ceo_lastname_127,-9.745272109284997e-06,4,-3.898108843713999e-05,ceo_lastname
patch_qr,Sudikoff,799319_1993.txt_ceo_lastname_127,-4.053094471601071e-06,4,-1.6212377886404283e-05,ceo_lastname
patch_bottom,Sudikoff,799319_1993.txt_ceo_lastname_127,-9.745272109284997e-06,4,-3.898108843713999e-05,ceo_lastname
patch_same_layer,Sudikoff,799319_1993.txt_ceo_lastname_127,-1.0162491889786907e-05,4,-4.0649967559147626e-05,ceo_lastname
patch_random,Sudikoff,799319_1993.txt_ceo_lastname_127,-9.745272109284997e-06,4,-3.898108843713999e-05,ceo_lastname
clean,Goode,40878_1993.txt_ceo_lastname_19,-1.1443974472058471e-05,2,-2.2887948944116943e-05,ceo_lastname
qr_ablate,Goode,40878_1993.txt_ceo_lastname_19,-2.8669051971519366e-05,2,-5.733810394303873e-05,ceo_lastname
patch_qr,Goode,40878_1993.txt_ceo_lastname_19,-8.940625775721855e-06,2,-1.788125155144371e-05,ceo_lastname
patch_bottom,Goode,40878_1993.txt_ceo_lastname_19,-2.8669051971519366e-05,2,-5.733810394303873e-05,ceo_lastname
patch_same_layer,Goode,40878_1993.txt_ceo_lastname_19,-2.8609450964722782e-05,2,-5.7218901929445565e-05,ceo_lastname
patch_random,Goode,40878_1993.txt_ceo_lastname_19,-2.8669051971519366e-05,2,-5.733810394303873e-05,ceo_lastname
clean,McCraw,37748_1993.txt_ceo_lastname_63,-0.0013791456585749984,2,-0.0027582913171499968,ceo_lastname
qr_ablate,McCraw,37748_1993.txt_ceo_lastname_63,-0.002064173109829426,2,-0.004128346219658852,ceo_lastname
patch_qr,McCraw,37748_1993.txt_ceo_lastname_63,-0.009208433330059052,2,-0.018416866660118103,ceo_lastname
patch_bottom,McCraw,37748_1993.txt_ceo_lastname_63,-0.002064173109829426,2,-0.004128346219658852,ceo_lastname
patch_same_layer,McCraw,37748_1993.txt_ceo_lastname_63,-0.002002910478040576,2,-0.004005820956081152,ceo_lastname
patch_random,McCraw,37748_1993.txt_ceo_lastname_63,-0.002064173109829426,2,-0.004128346219658852,ceo_lastname
clean,Goodes,104669_1993.txt_ceo_lastname_84,-1.6808238797239028e-05,2,-3.3616477594478056e-05,ceo_lastname
qr_ablate,Goodes,104669_1993.txt_ceo_lastname_84,-6.0197133279871196e-05,2,-0.00012039426655974239,ceo_lastname
patch_qr,Goodes,104669_1993.txt_ceo_lastname_84,-1.1622777492448222e-05,2,-2.3245554984896444e-05,ceo_lastname
patch_bottom,Goodes,104669_1993.txt_ceo_lastname_84,-6.0197133279871196e-05,2,-0.00012039426655974239,ceo_lastname
patch_same_layer,Goodes,104669_1993.txt_ceo_lastname_84,-6.186585960676894e-05,2,-0.00012373171921353787,ceo_lastname
patch_random,Goodes,104669_1993.txt_ceo_lastname_84,-6.0197133279871196e-05,2,-0.00012039426655974239,ceo_lastname
clean,Allender,34501_1993.txt_ceo_lastname_220,-1.5735404303995892e-05,2,-3.1470808607991785e-05,ceo_lastname
qr_ablate,Allender,34501_1993.txt_ceo_lastname_220,-1.6867883459781297e-05,2,-3.373576691956259e-05,ceo_lastname
patch_qr,Allender,34501_1993.txt_ceo_lastname_220,-1.5973813788150437e-05,2,-3.1947627576300874e-05,ceo_lastname
patch_bottom,Allender,34501_1993.txt_ceo_lastname_220,-1.6867883459781297e-05,2,-3.373576691956259e-05,ceo_lastname
patch_same_layer,Allender,34501_1993.txt_ceo_lastname_220,-1.6927488104556687e-05,2,-3.3854976209113374e-05,ceo_lastname
patch_random,Allender,34501_1993.txt_ceo_lastname_220,-1.6867883459781297e-05,2,-3.373576691956259e-05,ceo_lastname
clean,Goldsmith,201461_1993.txt_ceo_lastname_77,-1.668928234721534e-06,2,-3.337856469443068e-06,ceo_lastname
qr_ablate,Goldsmith,201461_1993.txt_ceo_lastname_77,-1.7881368421512889e-06,2,-3.5762736843025777e-06,ceo_lastname
patch_qr,Goldsmith,201461_1993.txt_ceo_lastname_77,-1.9073461317020701e-06,2,-3.8146922634041402e-06,ceo_lastname
patch_bottom,Goldsmith,201461_1993.txt_ceo_lastname_77,-1.7881368421512889e-06,2,-3.5762736843025777e-06,ceo_lastname
patch_same_layer,Goldsmith,201461_1993.txt_ceo_lastname_77,-1.847741259553004e-06,2,-3.695482519106008e-06,ceo_lastname
patch_random,Goldsmith,201461_1993.txt_ceo_lastname_77,-1.7881368421512889e-06,2,-3.5762736843025777e-06,ceo_lastname
clean,Berglund,18497_1993.txt_ceo_lastname_35,-0.03767867758870125,3,-0.11303602904081345,ceo_lastname
qr_ablate,Berglund,18497_1993.txt_ceo_lastname_35,-0.028455641120672226,3,-0.08536691963672638,ceo_lastname
patch_qr,Berglund,18497_1993.txt_ceo_lastname_35,-0.041198328137397766,3,-0.1235949844121933,ceo_lastname
patch_bottom,Berglund,18497_1993.txt_ceo_lastname_35,-0.028455641120672226,3,-0.08536691963672638,ceo_lastname
patch_same_layer,Berglund,18497_1993.txt_ceo_lastname_35,-0.03009466454386711,3,-0.09028398990631104,ceo_lastname
patch_random,Berglund,18497_1993.txt_ceo_lastname_35,-0.028455641120672226,3,-0.08536691963672638,ceo_lastname
clean,Thomas,36326_1993.txt_ceo_lastname_142,-4.291525328881107e-06,1,-4.291525328881107e-06,ceo_lastname
qr_ablate,Thomas,36326_1993.txt_ceo_lastname_142,-4.410734163684538e-06,1,-4.410734163684538e-06,ceo_lastname
patch_qr,Thomas,36326_1993.txt_ceo_lastname_142,-4.0531076592742465e-06,1,-4.0531076592742465e-06,ceo_lastname
patch_bottom,Thomas,36326_1993.txt_ceo_lastname_142,-4.410734163684538e-06,1,-4.410734163684538e-06,ceo_lastname
patch_same_layer,Thomas,36326_1993.txt_ceo_lastname_142,-4.410734163684538e-06,1,-4.410734163684538e-06,ceo_lastname
patch_random,Thomas,36326_1993.txt_ceo_lastname_142,-4.410734163684538e-06,1,-4.410734163684538e-06,ceo_lastname
clean,Ross,277509_1993.txt_ceo_lastname_228,-3.4450891689630225e-05,1,-3.4450891689630225e-05,ceo_lastname
qr_ablate,Ross,277509_1993.txt_ceo_lastname_228,-3.194758028257638e-05,1,-3.194758028257638e-05,ceo_lastname
patch_qr,Ross,277509_1993.txt_ceo_lastname_228,-2.658331868587993e-05,1,-2.658331868587993e-05,ceo_lastname
patch_bottom,Ross,277509_1993.txt_ceo_lastname_228,-3.194758028257638e-05,1,-3.194758028257638e-05,ceo_lastname
patch_same_layer,Ross,277509_1993.txt_ceo_lastname_228,-3.3378044463461265e-05,1,-3.3378044463461265e-05,ceo_lastname
patch_random,Ross,277509_1993.txt_ceo_lastname_228,-3.194758028257638e-05,1,-3.194758028257638e-05,ceo_lastname
clean,Zandman,103730_1993.txt_ceo_lastname_6,-1.1920928244535389e-07,3,-3.576278402306343e-07,ceo_lastname
qr_ablate,Zandman,103730_1993.txt_ceo_lastname_6,-2.3841852225814364e-07,3,-7.152555667744309e-07,ceo_lastname
patch_qr,Zandman,103730_1993.txt_ceo_lastname_6,-1.1920928244535389e-07,3,-3.576278402306343e-07,ceo_lastname
patch_bottom,Zandman,103730_1993.txt_ceo_lastname_6,-2.3841852225814364e-07,3,-7.152555667744309e-07,ceo_lastname
patch_same_layer,Zandman,103730_1993.txt_ceo_lastname_6,-2.781549426345009e-07,3,-8.344647994817933e-07,ceo_lastname
patch_random,Zandman,103730_1993.txt_ceo_lastname_6,-2.3841852225814364e-07,3,-7.152555667744309e-07,ceo_lastname
clean,Lenzie,71180_1993.txt_ceo_lastname_215,-0.033797793090343475,2,-0.06759558618068695,ceo_lastname
qr_ablate,Lenzie,71180_1993.txt_ceo_lastname_215,-0.11659429967403412,2,-0.23318859934806824,ceo_lastname
patch_qr,Lenzie,71180_1993.txt_ceo_lastname_215,-0.020254207774996758,2,-0.040508415549993515,ceo_lastname
patch_bottom,Lenzie,71180_1993.txt_ceo_lastname_215,-0.11659429967403412,2,-0.23318859934806824,ceo_lastname
patch_same_layer,Lenzie,71180_1993.txt_ceo_lastname_215,-0.1577083319425583,2,-0.3154166638851166,ceo_lastname
patch_random,Lenzie,71180_1993.txt_ceo_lastname_215,-0.11659429967403412,2,-0.23318859934806824,ceo_lastname
clean,Cwiertnia,277821_1993.txt_ceo_lastname_157,-0.0009948628721758723,4,-0.003979451488703489,ceo_lastname
qr_ablate,Cwiertnia,277821_1993.txt_ceo_lastname_157,-0.0006444276077672839,4,-0.0025777104310691357,ceo_lastname
patch_qr,Cwiertnia,277821_1993.txt_ceo_lastname_157,-0.001596795511431992,4,-0.006387182045727968,ceo_lastname
patch_bottom,Cwiertnia,277821_1993.txt_ceo_lastname_157,-0.0006444276077672839,4,-0.0025777104310691357,ceo_lastname
patch_same_layer,Cwiertnia,277821_1993.txt_ceo_lastname_157,-0.0006450813380070031,4,-0.0025803253520280123,ceo_lastname
patch_random,Cwiertnia,277821_1993.txt_ceo_lastname_157,-0.0006444276077672839,4,-0.0025777104310691357,ceo_lastname
clean,Bogle,801124_1993.txt_ceo_lastname_134,-0.00029413102311082184,2,-0.0005882620462216437,ceo_lastname
qr_ablate,Bogle,801124_1993.txt_ceo_lastname_134,-0.0004673082730732858,2,-0.0009346165461465716,ceo_lastname
patch_qr,Bogle,801124_1993.txt_ceo_lastname_134,-0.0003371427010279149,2,-0.0006742854020558298,ceo_lastname
patch_bottom,Bogle,801124_1993.txt_ceo_lastname_134,-0.0004673082730732858,2,-0.0009346165461465716,ceo_lastname
patch_same_layer,Bogle,801124_1993.txt_ceo_lastname_134,-0.0004715382819995284,2,-0.0009430765639990568,ceo_lastname
patch_random,Bogle,801124_1993.txt_ceo_lastname_134,-0.0004673082730732858,2,-0.0009346165461465716,ceo_lastname
clean,0,801124_1993.txt_employees_count_total_132,-10.182726860046387,1,-10.182726860046387,employees_count_total
qr_ablate,0,801124_1993.txt_employees_count_total_132,-6.7501420974731445,1,-6.7501420974731445,employees_count_total
patch_qr,0,801124_1993.txt_employees_count_total_132,-9.595437049865723,1,-9.595437049865723,employees_count_total
patch_bottom,0,801124_1993.txt_employees_count_total_132,-6.7501420974731445,1,-6.7501420974731445,employees_count_total
patch_same_layer,0,801124_1993.txt_employees_count_total_132,-6.838078022003174,1,-6.838078022003174,employees_count_total
patch_random,0,801124_1993.txt_employees_count_total_132,-6.7501420974731445,1,-6.7501420974731445,employees_count_total
clean,4426,277509_1993.txt_employees_count_total_227,-1.5763684511184692,4,-6.305473804473877,employees_count_total
qr_ablate,4426,277509_1993.txt_employees_count_total_227,-1.3001435995101929,4,-5.2005743980407715,employees_count_total
patch_qr,4426,277509_1993.txt_employees_count_total_227,-1.5725277662277222,4,-6.290111064910889,employees_count_total
patch_bottom,4426,277509_1993.txt_employees_count_total_227,-1.3001435995101929,4,-5.2005743980407715,employees_count_total
patch_same_layer,4426,277509_1993.txt_employees_count_total_227,-1.2577146291732788,4,-5.030858516693115,employees_count_total
patch_random,4426,277509_1993.txt_employees_count_total_227,-1.3001435995101929,4,-5.2005743980407715,employees_count_total
clean,1962,276999_1993.txt_employees_count_total_162,-1.2479817867279053,4,-4.991927146911621,employees_count_total
qr_ablate,1962,276999_1993.txt_employees_count_total_162,-0.9902551770210266,4,-3.9610207080841064,employees_count_total
patch_qr,1962,276999_1993.txt_employees_count_total_162,-1.1049394607543945,4,-4.419757843017578,employees_count_total
patch_bottom,1962,276999_1993.txt_employees_count_total_162,-0.9902551770210266,4,-3.9610207080841064,employees_count_total
patch_same_layer,1962,276999_1993.txt_employees_count_total_162,-1.005628228187561,4,-4.022512912750244,employees_count_total
patch_random,1962,276999_1993.txt_employees_count_total_162,-0.9902551770210266,4,-3.9610207080841064,employees_count_total
clean,3570,100923_1993.txt_employees_count_total_189,-0.014669209718704224,4,-0.058676838874816895,employees_count_total
qr_ablate,3570,100923_1993.txt_employees_count_total_189,-0.013901475816965103,4,-0.05560590326786041,employees_count_total
patch_qr,3570,100923_1993.txt_employees_count_total_189,-0.020423680543899536,4,-0.08169472217559814,employees_count_total
patch_bottom,3570,100923_1993.txt_employees_count_total_189,-0.013901475816965103,4,-0.05560590326786041,employees_count_total
patch_same_layer,3570,100923_1993.txt_employees_count_total_189,-0.011646024882793427,4,-0.046584099531173706,employees_count_total
patch_random,3570,100923_1993.txt_employees_count_total_189,-0.013901475816965103,4,-0.05560590326786041,employees_count_total
clean,2260,55387_1993.txt_employees_count_total_10,-0.2842198610305786,4,-1.1368794441223145,employees_count_total
qr_ablate,2260,55387_1993.txt_employees_count_total_10,-0.5734695196151733,4,-2.2938780784606934,employees_count_total
patch_qr,2260,55387_1993.txt_employees_count_total_10,-0.30586376786231995,4,-1.2234550714492798,employees_count_total
patch_bottom,2260,55387_1993.txt_employees_count_total_10,-0.5734695196151733,4,-2.2938780784606934,employees_count_total
patch_same_layer,2260,55387_1993.txt_employees_count_total_10,-0.5317424535751343,4,-2.126969814300537,employees_count_total
patch_random,2260,55387_1993.txt_employees_count_total_10,-0.5734695196151733,4,-2.2938780784606934,employees_count_total
clean,3712,103392_1993.txt_employees_count_total_176,-0.0027599576860666275,4,-0.01103983074426651,employees_count_total
qr_ablate,3712,103392_1993.txt_employees_count_total_176,-0.006664193235337734,4,-0.026656772941350937,employees_count_total
patch_qr,3712,103392_1993.txt_employees_count_total_176,-0.0022379993461072445,4,-0.008951997384428978,employees_count_total
patch_bottom,3712,103392_1993.txt_employees_count_total_176,-0.006664193235337734,4,-0.026656772941350937,employees_count_total
patch_same_layer,3712,103392_1993.txt_employees_count_total_176,-0.00613105483353138,4,-0.02452421933412552,employees_count_total
patch_random,3712,103392_1993.txt_employees_count_total_176,-0.006664193235337734,4,-0.026656772941350937,employees_count_total
clean,11500,36326_1993.txt_employees_count_total_141,-0.054717469960451126,5,-0.27358734607696533,employees_count_total
qr_ablate,11500,36326_1993.txt_employees_count_total_141,-0.06788230687379837,5,-0.33941152691841125,employees_count_total
patch_qr,11500,36326_1993.txt_employees_count_total_141,-0.043839555233716965,5,-0.21919776499271393,employees_count_total
patch_bottom,11500,36326_1993.txt_employees_count_total_141,-0.06788230687379837,5,-0.33941152691841125,employees_count_total
patch_same_layer,11500,36326_1993.txt_employees_count_total_141,-0.06266532093286514,5,-0.3133265972137451,employees_count_total
patch_random,11500,36326_1993.txt_employees_count_total_141,-0.06788230687379837,5,-0.33941152691841125,employees_count_total
clean,1741,71180_1993.txt_employees_count_total_214,-0.006188023369759321,4,-0.024752093479037285,employees_count_total
qr_ablate,1741,71180_1993.txt_employees_count_total_214,-0.004990352783352137,4,-0.019961411133408546,employees_count_total
patch_qr,1741,71180_1993.txt_employees_count_total_214,-0.009116340428590775,4,-0.0364653617143631,employees_count_total
patch_bottom,1741,71180_1993.txt_employees_count_total_214,-0.004990352783352137,4,-0.019961411133408546,employees_count_total
patch_same_layer,1741,71180_1993.txt_employees_count_total_214,-0.003966938704252243,4,-0.015867754817008972,employees_count_total
patch_random,1741,71180_1993.txt_employees_count_total_214,-0.004990352783352137,4,-0.019961411133408546,employees_count_total
clean,60400,10456_1993.txt_employees_count_total_98,-0.7919763326644897,5,-3.959881544113159,employees_count_total
qr_ablate,60400,10456_1993.txt_employees_count_total_98,-1.1321055889129639,5,-5.66052770614624,employees_count_total
patch_qr,60400,10456_1993.txt_employees_count_total_98,-0.7806300520896912,5,-3.9031500816345215,employees_count_total
patch_bottom,60400,10456_1993.txt_employees_count_total_98,-1.1321055889129639,5,-5.66052770614624,employees_count_total
patch_same_layer,60400,10456_1993.txt_employees_count_total_98,-1.1194448471069336,5,-5.597224235534668,employees_count_total
patch_random,60400,10456_1993.txt_employees_count_total_98,-1.1321055889129639,5,-5.66052770614624,employees_count_total
clean,4151,745287_1993.txt_employees_count_total_38,-0.03082629293203354,4,-0.12330517172813416,employees_count_total
qr_ablate,4151,745287_1993.txt_employees_count_total_38,-0.016019299626350403,4,-0.06407719850540161,employees_count_total
patch_qr,4151,745287_1993.txt_employees_count_total_38,-0.029929308220744133,4,-0.11971723288297653,employees_count_total
patch_bottom,4151,745287_1993.txt_employees_count_total_38,-0.016019299626350403,4,-0.06407719850540161,employees_count_total
patch_same_layer,4151,745287_1993.txt_employees_count_total_38,-0.014191284775733948,4,-0.05676513910293579,employees_count_total
patch_random,4151,745287_1993.txt_employees_count_total_38,-0.016019299626350403,4,-0.06407719850540161,employees_count_total
clean,564,74783_1993.txt_employees_count_total_206,-1.1647058725357056,3,-3.494117498397827,employees_count_total
qr_ablate,564,74783_1993.txt_employees_count_total_206,-0.8439192175865173,3,-2.5317575931549072,employees_count_total
patch_qr,564,74783_1993.txt_employees_count_total_206,-1.1904723644256592,3,-3.5714168548583984,employees_count_total
patch_bottom,564,74783_1993.txt_employees_count_total_206,-0.8439192175865173,3,-2.5317575931549072,employees_count_total
patch_same_layer,564,74783_1993.txt_employees_count_total_206,-0.8855137825012207,3,-2.656541347503662,employees_count_total
patch_random,564,74783_1993.txt_employees_count_total_206,-0.8439192175865173,3,-2.5317575931549072,employees_count_total
clean,86168,66740_1993.txt_employees_count_total_197,-2.637500524520874,5,-13.187501907348633,employees_count_total
qr_ablate,86168,66740_1993.txt_employees_count_total_197,-2.4406259059906006,5,-12.203129768371582,employees_count_total
patch_qr,86168,66740_1993.txt_employees_count_total_197,-2.5843756198883057,5,-12.92187786102295,employees_count_total
patch_bottom,86168,66740_1993.txt_employees_count_total_197,-2.4406259059906006,5,-12.203129768371582,employees_count_total
patch_same_layer,86168,66740_1993.txt_employees_count_total_197,-2.396876096725464,5,-11.984380722045898,employees_count_total
patch_random,86168,66740_1993.txt_employees_count_total_197,-2.4406259059906006,5,-12.203129768371582,employees_count_total
clean,35000,716006_1993.txt_employees_count_total_118,-0.2062024623155594,5,-1.0310122966766357,employees_count_total
qr_ablate,35000,716006_1993.txt_employees_count_total_118,-0.23304128646850586,5,-1.1652064323425293,employees_count_total
patch_qr,35000,716006_1993.txt_employees_count_total_118,-0.16902662813663483,5,-0.8451331257820129,employees_count_total
patch_bottom,35000,716006_1993.txt_employees_count_total_118,-0.23304128646850586,5,-1.1652064323425293,employees_count_total
patch_same_layer,35000,716006_1993.txt_employees_count_total_118,-0.22869861125946045,5,-1.1434930562973022,employees_count_total
patch_random,35000,716006_1993.txt_employees_count_total_118,-0.23304128646850586,5,-1.1652064323425293,employees_count_total
clean,257,18497_1993.txt_employees_count_total_34,-9.695548214949667e-06,3,-2.90866428258596e-05,employees_count_total
qr_ablate,257,18497_1993.txt_employees_count_total_34,-5.3878244216321036e-05,3,-0.0001616347290109843,employees_count_total
patch_qr,257,18497_1993.txt_employees_count_total_34,-1.6450476323370822e-05,3,-4.935142715112306e-05,employees_count_total
patch_bottom,257,18497_1993.txt_employees_count_total_34,-5.3878244216321036e-05,3,-0.0001616347290109843,employees_count_total
patch_same_layer,257,18497_1993.txt_employees_count_total_34,-5.693743878509849e-05,3,-0.00017081231635529548,employees_count_total
patch_random,257,18497_1993.txt_employees_count_total_34,-5.3878244216321036e-05,3,-0.0001616347290109843,employees_count_total
clean,0,821480_1993.txt_employees_count_total_238,-0.4701768755912781,1,-0.4701768755912781,employees_count_total
qr_ablate,0,821480_1993.txt_employees_count_total_238,-1.4278392791748047,1,-1.4278392791748047,employees_count_total
patch_qr,0,821480_1993.txt_employees_count_total_238,-0.7747609615325928,1,-0.7747609615325928,employees_count_total
patch_bottom,0,821480_1993.txt_employees_count_total_238,-1.4278392791748047,1,-1.4278392791748047,employees_count_total
patch_same_layer,0,821480_1993.txt_employees_count_total_238,-1.4541423320770264,1,-1.4541423320770264,employees_count_total
patch_random,0,821480_1993.txt_employees_count_total_238,-1.4278392791748047,1,-1.4278392791748047,employees_count_total
clean,35000,104669_1993.txt_employees_count_total_83,-0.6067871451377869,5,-3.033935546875,employees_count_total
qr_ablate,35000,104669_1993.txt_employees_count_total_83,-0.6307341456413269,5,-3.1536707878112793,employees_count_total
patch_qr,35000,104669_1993.txt_employees_count_total_83,-0.5712823271751404,5,-2.8564116954803467,employees_count_total
patch_bottom,35000,104669_1993.txt_employees_count_total_83,-0.6307341456413269,5,-3.1536707878112793,employees_count_total
patch_same_layer,35000,104669_1993.txt_employees_count_total_83,-0.6009216904640198,5,-3.004608392715454,employees_count_total
patch_random,35000,104669_1993.txt_employees_count_total_83,-0.6307341456413269,5,-3.1536707878112793,employees_count_total
clean,California,277821_1993.txt_headquarters_state_153,-0.005566571839153767,1,-0.005566571839153767,headquarters_state
qr_ablate,California,277821_1993.txt_headquarters_state_153,-0.0738275945186615,1,-0.0738275945186615,headquarters_state
patch_qr,California,277821_1993.txt_headquarters_state_153,-0.005862304475158453,1,-0.005862304475158453,headquarters_state
patch_bottom,California,277821_1993.txt_headquarters_state_153,-0.0738275945186615,1,-0.0738275945186615,headquarters_state
patch_same_layer,California,277821_1993.txt_headquarters_state_153,-0.07263536751270294,1,-0.07263536751270294,headquarters_state
patch_random,California,277821_1993.txt_headquarters_state_153,-0.0738275945186615,1,-0.0738275945186615,headquarters_state
clean,Connecticut,40878_1993.txt_headquarters_state_15,-0.34315890073776245,2,-0.6863178014755249,headquarters_state
qr_ablate,Connecticut,40878_1993.txt_headquarters_state_15,-0.3310190439224243,2,-0.6620380878448486,headquarters_state
patch_qr,Connecticut,40878_1993.txt_headquarters_state_15,-0.30246174335479736,2,-0.6049234867095947,headquarters_state
patch_bottom,Connecticut,40878_1993.txt_headquarters_state_15,-0.3310190439224243,2,-0.6620380878448486,headquarters_state
patch_same_layer,Connecticut,40878_1993.txt_headquarters_state_15,-0.31985369324684143,2,-0.6397073864936829,headquarters_state
patch_random,Connecticut,40878_1993.txt_headquarters_state_15,-0.3310190439224243,2,-0.6620380878448486,headquarters_state
clean,Nebraska,74783_1993.txt_headquarters_state_203,-0.016675524413585663,2,-0.033351048827171326,headquarters_state
qr_ablate,Nebraska,74783_1993.txt_headquarters_state_203,-0.09668052941560745,2,-0.1933610588312149,headquarters_state
patch_qr,Nebraska,74783_1993.txt_headquarters_state_203,-0.02550637535750866,2,-0.05101275071501732,headquarters_state
patch_bottom,Nebraska,74783_1993.txt_headquarters_state_203,-0.09668052941560745,2,-0.1933610588312149,headquarters_state
patch_same_layer,Nebraska,74783_1993.txt_headquarters_state_203,-0.0941493883728981,2,-0.1882987767457962,headquarters_state
patch_random,Nebraska,74783_1993.txt_headquarters_state_203,-0.09668052941560745,2,-0.1933610588312149,headquarters_state
clean,New Jersey,104669_1993.txt_headquarters_state_80,-0.6091154217720032,2,-1.2182308435440063,headquarters_state
qr_ablate,New Jersey,104669_1993.txt_headquarters_state_80,-0.2357168346643448,2,-0.4714336693286896,headquarters_state
patch_qr,New Jersey,104669_1993.txt_headquarters_state_80,-0.09149914979934692,2,-0.18299829959869385,headquarters_state
patch_bottom,New Jersey,104669_1993.txt_headquarters_state_80,-0.2357168346643448,2,-0.4714336693286896,headquarters_state
patch_same_layer,New Jersey,104669_1993.txt_headquarters_state_80,-0.23330380022525787,2,-0.46660760045051575,headquarters_state
patch_random,New Jersey,104669_1993.txt_headquarters_state_80,-0.2357168346643448,2,-0.4714336693286896,headquarters_state
clean,California,799319_1993.txt_headquarters_state_123,-3.671578815556131e-05,1,-3.671578815556131e-05,headquarters_state
qr_ablate,California,799319_1993.txt_headquarters_state_123,-8.21318244561553e-05,1,-8.21318244561553e-05,headquarters_state
patch_qr,California,799319_1993.txt_headquarters_state_123,-5.364274329622276e-05,1,-5.364274329622276e-05,headquarters_state
patch_bottom,California,799319_1993.txt_headquarters_state_123,-8.21318244561553e-05,1,-8.21318244561553e-05,headquarters_state
patch_same_layer,California,799319_1993.txt_headquarters_state_123,-8.320462075062096e-05,1,-8.320462075062096e-05,headquarters_state
patch_random,California,799319_1993.txt_headquarters_state_123,-8.21318244561553e-05,1,-8.21318244561553e-05,headquarters_state
clean,Nevada,71180_1993.txt_headquarters_state_211,-9.452574886381626e-05,3,-0.0002835772465914488,headquarters_state
qr_ablate,Nevada,71180_1993.txt_headquarters_state_211,-0.00036000515683554113,3,-0.001080015441402793,headquarters_state
patch_qr,Nevada,71180_1993.txt_headquarters_state_211,-0.0001600716932443902,3,-0.00048021506518125534,headquarters_state
patch_bottom,Nevada,71180_1993.txt_headquarters_state_211,-0.00036000515683554113,3,-0.001080015441402793,headquarters_state
patch_same_layer,Nevada,71180_1993.txt_headquarters_state_211,-0.0003675870248116553,3,-0.001102761016227305,headquarters_state
patch_random,Nevada,71180_1993.txt_headquarters_state_211,-0.00036000515683554113,3,-0.001080015441402793,headquarters_state
clean,Tennessee,764764_1993.txt_headquarters_state_43,-0.00015101949975360185,2,-0.0003020389995072037,headquarters_state
qr_ablate,Tennessee,764764_1993.txt_headquarters_state_43,-0.0005687022348865867,2,-0.0011374044697731733,headquarters_state
patch_qr,Tennessee,764764_1993.txt_headquarters_state_43,-0.00024867599131539464,2,-0.0004973519826307893,headquarters_state
patch_bottom,Tennessee,764764_1993.txt_headquarters_state_43,-0.0005687022348865867,2,-0.0011374044697731733,headquarters_state
patch_same_layer,Tennessee,764764_1993.txt_headquarters_state_43,-0.0005413095932453871,2,-0.0010826191864907742,headquarters_state
patch_random,Tennessee,764764_1993.txt_headquarters_state_43,-0.0005687022348865867,2,-0.0011374044697731733,headquarters_state
clean,New York,103392_1993.txt_headquarters_state_173,-2.188371181488037,2,-4.376742362976074,headquarters_state
qr_ablate,New York,103392_1993.txt_headquarters_state_173,-1.4802379608154297,2,-2.9604759216308594,headquarters_state
patch_qr,New York,103392_1993.txt_headquarters_state_173,-2.2658650875091553,2,-4.5317301750183105,headquarters_state
patch_bottom,New York,103392_1993.txt_headquarters_state_173,-1.4802379608154297,2,-2.9604759216308594,headquarters_state
patch_same_layer,New York,103392_1993.txt_headquarters_state_173,-1.4727122783660889,2,-2.9454245567321777,headquarters_state
patch_random,New York,103392_1993.txt_headquarters_state_173,-1.4802379608154297,2,-2.9604759216308594,headquarters_state
clean,Pennsylvania,103730_1993.txt_headquarters_state_2,-0.0011742620263248682,2,-0.0023485240526497364,headquarters_state
qr_ablate,Pennsylvania,103730_1993.txt_headquarters_state_2,-0.009464538656175137,2,-0.018929077312350273,headquarters_state
patch_qr,Pennsylvania,103730_1993.txt_headquarters_state_2,-0.00247615366242826,2,-0.00495230732485652,headquarters_state
patch_bottom,Pennsylvania,103730_1993.txt_headquarters_state_2,-0.009464538656175137,2,-0.018929077312350273,headquarters_state
patch_same_layer,Pennsylvania,103730_1993.txt_headquarters_state_2,-0.009298349730670452,2,-0.018596699461340904,headquarters_state
patch_random,Pennsylvania,103730_1993.txt_headquarters_state_2,-0.009464538656175137,2,-0.018929077312350273,headquarters_state
clean,Minnesota,66740_1993.txt_headquarters_state_194,-0.00037174468161538243,1,-0.00037174468161538243,headquarters_state
qr_ablate,Minnesota,66740_1993.txt_headquarters_state_194,-0.0007475204183720052,1,-0.0007475204183720052,headquarters_state
patch_qr,Minnesota,66740_1993.txt_headquarters_state_194,-0.000348268891684711,1,-0.000348268891684711,headquarters_state
patch_bottom,Minnesota,66740_1993.txt_headquarters_state_194,-0.0007475204183720052,1,-0.0007475204183720052,headquarters_state
patch_same_layer,Minnesota,66740_1993.txt_headquarters_state_194,-0.0007425173535011709,1,-0.0007425173535011709,headquarters_state
patch_random,Minnesota,66740_1993.txt_headquarters_state_194,-0.0007475204183720052,1,-0.0007475204183720052,headquarters_state
clean,Florida,828530_1993.txt_headquarters_state_109,-0.00018535325943958014,1,-0.00018535325943958014,headquarters_state
qr_ablate,Florida,828530_1993.txt_headquarters_state_109,-0.0006648475537076592,1,-0.0006648475537076592,headquarters_state
patch_qr,Florida,828530_1993.txt_headquarters_state_109,-0.00027938754647038877,1,-0.00027938754647038877,headquarters_state
patch_bottom,Florida,828530_1993.txt_headquarters_state_109,-0.0006648475537076592,1,-0.0006648475537076592,headquarters_state
patch_same_layer,Florida,828530_1993.txt_headquarters_state_109,-0.0006416169344447553,1,-0.0006416169344447553,headquarters_state
patch_random,Florida,828530_1993.txt_headquarters_state_109,-0.0006648475537076592,1,-0.0006648475537076592,headquarters_state
clean,New Jersey,812427_1993.txt_headquarters_state_247,-2.914599099312909e-05,2,-5.829198198625818e-05,headquarters_state
qr_ablate,New Jersey,812427_1993.txt_headquarters_state_247,-0.0010547281708568335,2,-0.002109456341713667,headquarters_state
patch_qr,New Jersey,812427_1993.txt_headquarters_state_247,-6.830259371781722e-05,2,-0.00013660518743563443,headquarters_state
patch_bottom,New Jersey,812427_1993.txt_headquarters_state_247,-0.0010547281708568335,2,-0.002109456341713667,headquarters_state
patch_same_layer,New Jersey,812427_1993.txt_headquarters_state_247,-0.0010533005697652698,2,-0.0021066011395305395,headquarters_state
patch_random,New Jersey,812427_1993.txt_headquarters_state_247,-0.0010547281708568335,2,-0.002109456341713667,headquarters_state
clean,Illinois,865227_1993.txt_headquarters_state_49,-0.00015202834038063884,2,-0.0003040566807612777,headquarters_state
qr_ablate,Illinois,865227_1993.txt_headquarters_state_49,-0.0014589580241590738,2,-0.0029179160483181477,headquarters_state
patch_qr,Illinois,865227_1993.txt_headquarters_state_49,-0.00024205546651501209,2,-0.00048411093303002417,headquarters_state
patch_bottom,Illinois,865227_1993.txt_headquarters_state_49,-0.0014589580241590738,2,-0.0029179160483181477,headquarters_state
patch_same_layer,Illinois,865227_1993.txt_headquarters_state_49,-0.0013868630630895495,2,-0.002773726126179099,headquarters_state
patch_random,Illinois,865227_1993.txt_headquarters_state_49,-0.0014589580241590738,2,-0.0029179160483181477,headquarters_state
clean,North Carolina,53347_1993.txt_headquarters_state_102,-0.00010793245019158348,2,-0.00021586490038316697,headquarters_state
qr_ablate,North Carolina,53347_1993.txt_headquarters_state_102,-0.0007611090550199151,2,-0.0015222181100398302,headquarters_state
patch_qr,North Carolina,53347_1993.txt_headquarters_state_102,-0.00018998366431333125,2,-0.0003799673286266625,headquarters_state
patch_bottom,North Carolina,53347_1993.txt_headquarters_state_102,-0.0007611090550199151,2,-0.0015222181100398302,headquarters_state
patch_same_layer,North Carolina,53347_1993.txt_headquarters_state_102,-0.0007461707573384047,2,-0.0014923415146768093,headquarters_state
patch_random,North Carolina,53347_1993.txt_headquarters_state_102,-0.0007611090550199151,2,-0.0015222181100398302,headquarters_state
clean,Georgia,36326_1993.txt_headquarters_state_138,-0.0010286045726388693,1,-0.0010286045726388693,headquarters_state
qr_ablate,Georgia,36326_1993.txt_headquarters_state_138,-0.004040293861180544,1,-0.004040293861180544,headquarters_state
patch_qr,Georgia,36326_1993.txt_headquarters_state_138,-0.0013497299514710903,1,-0.0013497299514710903,headquarters_state
patch_bottom,Georgia,36326_1993.txt_headquarters_state_138,-0.004040293861180544,1,-0.004040293861180544,headquarters_state
patch_same_layer,Georgia,36326_1993.txt_headquarters_state_138,-0.004017141181975603,1,-0.004017141181975603,headquarters_state
patch_random,Georgia,36326_1993.txt_headquarters_state_138,-0.004040293861180544,1,-0.004040293861180544,headquarters_state
clean,Missouri,40454_1993.txt_headquarters_state_87,-0.0002209652157034725,2,-0.000441930431406945,headquarters_state
qr_ablate,Missouri,40454_1993.txt_headquarters_state_87,-0.0008189525105990469,2,-0.0016379050211980939,headquarters_state
patch_qr,Missouri,40454_1993.txt_headquarters_state_87,-0.00025289817131124437,2,-0.0005057963426224887,headquarters_state
patch_bottom,Missouri,40454_1993.txt_headquarters_state_87,-0.0008189525105990469,2,-0.0016379050211980939,headquarters_state
patch_same_layer,Missouri,40454_1993.txt_headquarters_state_87,-0.0008025282877497375,2,-0.001605056575499475,headquarters_state
patch_random,Missouri,40454_1993.txt_headquarters_state_87,-0.0008189525105990469,2,-0.0016379050211980939,headquarters_state
clean,City National Corporation,201461_1993.txt_registrant_name_72,-4.609396910382202e-06,3,-1.3828190276399255e-05,registrant_name
qr_ablate,City National Corporation,201461_1993.txt_registrant_name_72,-5.4041174735175446e-06,3,-1.6212352420552634e-05,registrant_name
patch_qr,City National Corporation,201461_1993.txt_registrant_name_72,-5.046492788096657e-06,3,-1.513947790954262e-05,registrant_name
patch_bottom,City National Corporation,201461_1993.txt_registrant_name_72,-5.4041174735175446e-06,3,-1.6212352420552634e-05,registrant_name
patch_same_layer,City National Corporation,201461_1993.txt_registrant_name_72,-5.284910002956167e-06,3,-1.58547300088685e-05,registrant_name
patch_random,City National Corporation,201461_1993.txt_registrant_name_72,-5.4041174735175446e-06,3,-1.6212352420552634e-05,registrant_name
clean,The Progressive Corporation,80661_1993.txt_registrant_name_25,-0.0016091758152469993,3,-0.004827527329325676,registrant_name
qr_ablate,The Progressive Corporation,80661_1993.txt_registrant_name_25,-0.008967689238488674,3,-0.026903066784143448,registrant_name
patch_qr,The Progressive Corporation,80661_1993.txt_registrant_name_25,-0.0015174555592238903,3,-0.004552366677671671,registrant_name
patch_bottom,The Progressive Corporation,80661_1993.txt_registrant_name_25,-0.008967689238488674,3,-0.026903066784143448,registrant_name
patch_same_layer,The Progressive Corporation,80661_1993.txt_registrant_name_25,-0.008579522371292114,3,-0.025738567113876343,registrant_name
patch_random,The Progressive Corporation,80661_1993.txt_registrant_name_25,-0.008967689238488674,3,-0.026903066784143448,registrant_name
clean,Baxter International Inc.,10456_1993.txt_registrant_name_93,-0.003507378278300166,5,-0.017536891624331474,registrant_name
qr_ablate,Baxter International Inc.,10456_1993.txt_registrant_name_93,-0.0035185576416552067,5,-0.017592787742614746,registrant_name
patch_qr,Baxter International Inc.,10456_1993.txt_registrant_name_93,-0.0030854546930640936,5,-0.015427272766828537,registrant_name
patch_bottom,Baxter International Inc.,10456_1993.txt_registrant_name_93,-0.0035185576416552067,5,-0.017592787742614746,registrant_name
patch_same_layer,Baxter International Inc.,10456_1993.txt_registrant_name_93,-0.0035709254443645477,5,-0.01785462722182274,registrant_name
patch_random,Baxter International Inc.,10456_1993.txt_registrant_name_93,-0.0035185576416552067,5,-0.017592787742614746,registrant_name
clean,GTE South Incorporated,40878_1993.txt_registrant_name_13,-0.00150445441249758,4,-0.00601781764999032,registrant_name
qr_ablate,GTE South Incorporated,40878_1993.txt_registrant_name_13,-0.0009057866991497576,4,-0.0036231467965990305,registrant_name
patch_qr,GTE South Incorporated,40878_1993.txt_registrant_name_13,-0.0007536678458563983,4,-0.0030146713834255934,registrant_name
patch_bottom,GTE South Incorporated,40878_1993.txt_registrant_name_13,-0.0009057866991497576,4,-0.0036231467965990305,registrant_name
patch_same_layer,GTE South Incorporated,40878_1993.txt_registrant_name_13,-0.0008911731420084834,4,-0.0035646925680339336,registrant_name
patch_random,GTE South Incorporated,40878_1993.txt_registrant_name_13,-0.0009057866991497576,4,-0.0036231467965990305,registrant_name
clean,First Financial Management Corporation,36326_1993.txt_registrant_name_136,-1.1831265510409139e-05,4,-4.7325062041636556e-05,registrant_name
qr_ablate,First Financial Management Corporation,36326_1993.txt_registrant_name_136,-4.380916834634263e-06,4,-1.7523667338537052e-05,registrant_name
patch_qr,First Financial Management Corporation,36326_1993.txt_registrant_name_136,-2.5331892175017856e-06,4,-1.0132756870007142e-05,registrant_name
patch_bottom,First Financial Management Corporation,36326_1993.txt_registrant_name_136,-4.380916834634263e-06,4,-1.7523667338537052e-05,registrant_name
patch_same_layer,First Financial Management Corporation,36326_1993.txt_registrant_name_136,-4.202104719297495e-06,4,-1.680841887718998e-05,registrant_name
patch_random,First Financial Management Corporation,36326_1993.txt_registrant_name_136,-4.380916834634263e-06,4,-1.7523667338537052e-05,registrant_name
clean,Acceptance Insurance Companies Inc.,74783_1993.txt_registrant_name_201,-0.025628753006458282,6,-0.1537725180387497,registrant_name
qr_ablate,Acceptance Insurance Companies Inc.,74783_1993.txt_registrant_name_201,-0.28114813566207886,6,-1.6868886947631836,registrant_name
patch_qr,Acceptance Insurance Companies Inc.,74783_1993.txt_registrant_name_201,-0.0564698688685894,6,-0.3388192057609558,registrant_name
patch_bottom,Acceptance Insurance Companies Inc.,74783_1993.txt_registrant_name_201,-0.28114813566207886,6,-1.6868886947631836,registrant_name
patch_same_layer,Acceptance Insurance Companies Inc.,74783_1993.txt_registrant_name_201,-0.2894255518913269,6,-1.7365533113479614,registrant_name
patch_random,Acceptance Insurance Companies Inc.,74783_1993.txt_registrant_name_201,-0.28114813566207886,6,-1.6868886947631836,registrant_name
clean,"Vanguard Real Estate Fund I, A Sales-Commission-Free Income Properties Fund",801124_1993.txt_registrant_name_129,-0.00020082827541045845,15,-0.0030124238692224026,registrant_name
qr_ablate,"Vanguard Real Estate Fund I, A Sales-Commission-Free Income Properties Fund",801124_1993.txt_registrant_name_129,-0.007675368804484606,15,-0.11513052880764008,registrant_name
patch_qr,"Vanguard Real Estate Fund I, A Sales-Commission-Free Income Properties Fund",801124_1993.txt_registrant_name_129,-0.00017754442524164915,15,-0.0026631662622094154,registrant_name
patch_bottom,"Vanguard Real Estate Fund I, A Sales-Commission-Free Income Properties Fund",801124_1993.txt_registrant_name_129,-0.007675368804484606,15,-0.11513052880764008,registrant_name
patch_same_layer,"Vanguard Real Estate Fund I, A Sales-Commission-Free Income Properties Fund",801124_1993.txt_registrant_name_129,-0.006335585378110409,15,-0.09503377228975296,registrant_name
patch_random,"Vanguard Real Estate Fund I, A Sales-Commission-Free Income Properties Fund",801124_1993.txt_registrant_name_129,-0.007675368804484606,15,-0.11513052880764008,registrant_name
clean,Federal Signal Corporation,277509_1993.txt_registrant_name_224,-1.3430755643639714e-05,3,-4.029226693091914e-05,registrant_name
qr_ablate,Federal Signal Corporation,277509_1993.txt_registrant_name_224,-1.970894845726434e-05,3,-5.912684355280362e-05,registrant_name
patch_qr,Federal Signal Corporation,277509_1993.txt_registrant_name_224,-1.4543354154739063e-05,3,-4.363006155472249e-05,registrant_name
patch_bottom,Federal Signal Corporation,277509_1993.txt_registrant_name_224,-1.970894845726434e-05,3,-5.912684355280362e-05,registrant_name
patch_same_layer,Federal Signal Corporation,277509_1993.txt_registrant_name_224,-1.87950354302302e-05,3,-5.6385102652711794e-05,registrant_name
patch_random,Federal Signal Corporation,277509_1993.txt_registrant_name_224,-1.970894845726434e-05,3,-5.912684355280362e-05,registrant_name
clean,ADMIRAL FINANCIAL CORP.,828530_1993.txt_registrant_name_107,-0.3472055196762085,9,-3.124849557876587,registrant_name
qr_ablate,ADMIRAL FINANCIAL CORP.,828530_1993.txt_registrant_name_107,-0.4620252251625061,9,-4.15822696685791,registrant_name
patch_qr,ADMIRAL FINANCIAL CORP.,828530_1993.txt_registrant_name_107,-0.46370232105255127,9,-4.173320770263672,registrant_name
patch_bottom,ADMIRAL FINANCIAL CORP.,828530_1993.txt_registrant_name_107,-0.4620252251625061,9,-4.15822696685791,registrant_name
patch_same_layer,ADMIRAL FINANCIAL CORP.,828530_1993.txt_registrant_name_107,-0.4739920198917389,9,-4.265928268432617,registrant_name
patch_random,ADMIRAL FINANCIAL CORP.,828530_1993.txt_registrant_name_107,-0.4620252251625061,9,-4.15822696685791,registrant_name
clean,Fluor Corporation,37748_1993.txt_registrant_name_58,-0.024736005812883377,4,-0.09894402325153351,registrant_name
qr_ablate,Fluor Corporation,37748_1993.txt_registrant_name_58,-0.023719128221273422,4,-0.09487651288509369,registrant_name
patch_qr,Fluor Corporation,37748_1993.txt_registrant_name_58,-0.02744235098361969,4,-0.10976940393447876,registrant_name
patch_bottom,Fluor Corporation,37748_1993.txt_registrant_name_58,-0.023719128221273422,4,-0.09487651288509369,registrant_name
patch_same_layer,Fluor Corporation,37748_1993.txt_registrant_name_58,-0.023719510063529015,4,-0.09487804025411606,registrant_name
patch_random,Fluor Corporation,37748_1993.txt_registrant_name_58,-0.023719128221273422,4,-0.09487651288509369,registrant_name
clean,Inland Steel Company,50548_1993.txt_registrant_name_177,-0.7783601880073547,4,-3.113440752029419,registrant_name
qr_ablate,Inland Steel Company,50548_1993.txt_registrant_name_177,-0.9399091005325317,4,-3.759636402130127,registrant_name
patch_qr,Inland Steel Company,50548_1993.txt_registrant_name_177,-0.7562127113342285,4,-3.024850845336914,registrant_name
patch_bottom,Inland Steel Company,50548_1993.txt_registrant_name_177,-0.9399091005325317,4,-3.759636402130127,registrant_name
patch_same_layer,Inland Steel Company,50548_1993.txt_registrant_name_177,-0.9385457634925842,4,-3.754183053970337,registrant_name
patch_random,Inland Steel Company,50548_1993.txt_registrant_name_177,-0.9399091005325317,4,-3.759636402130127,registrant_name
clean,Intermet Corporation,745287_1993.txt_registrant_name_37,-1.9868191429850413e-06,3,-5.960457201581448e-06,registrant_name
qr_ablate,Intermet Corporation,745287_1993.txt_registrant_name_37,-1.9907554815290496e-05,3,-5.972266080789268e-05,registrant_name
patch_qr,Intermet Corporation,745287_1993.txt_registrant_name_37,-2.0265558760002023e-06,3,-6.079667400626931e-06,registrant_name
patch_bottom,Intermet Corporation,745287_1993.txt_registrant_name_37,-1.9907554815290496e-05,3,-5.972266080789268e-05,registrant_name
patch_same_layer,Intermet Corporation,745287_1993.txt_registrant_name_37,-2.1973746697767638e-05,3,-6.592123827431351e-05,registrant_name
patch_random,Intermet Corporation,745287_1993.txt_registrant_name_37,-1.9907554815290496e-05,3,-5.972266080789268e-05,registrant_name
clean,Kentucky Utilities Company,55387_1993.txt_registrant_name_8,-1.811944821383804e-05,4,-7.247779285535216e-05,registrant_name
qr_ablate,Kentucky Utilities Company,55387_1993.txt_registrant_name_8,-4.976741547579877e-05,4,-0.00019906966190319508,registrant_name
patch_qr,Kentucky Utilities Company,55387_1993.txt_registrant_name_8,-1.9847935618599877e-05,4,-7.939174247439951e-05,registrant_name
patch_bottom,Kentucky Utilities Company,55387_1993.txt_registrant_name_8,-4.976741547579877e-05,4,-0.00019906966190319508,registrant_name
patch_same_layer,Kentucky Utilities Company,55387_1993.txt_registrant_name_8,-4.774107219418511e-05,4,-0.00019096428877674043,registrant_name
patch_random,Kentucky Utilities Company,55387_1993.txt_registrant_name_8,-4.976741547579877e-05,4,-0.00019906966190319508,registrant_name
clean,"CABLE TV FUND 14-B, LTD.",821480_1993.txt_registrant_name_235,-0.3286074995994568,12,-3.9432897567749023,registrant_name
qr_ablate,"CABLE TV FUND 14-B, LTD.",821480_1993.txt_registrant_name_235,-0.36372825503349304,12,-4.364738941192627,registrant_name
patch_qr,"CABLE TV FUND 14-B, LTD.",821480_1993.txt_registrant_name_235,-0.31561964750289917,12,-3.78743577003479,registrant_name
patch_bottom,"CABLE TV FUND 14-B, LTD.",821480_1993.txt_registrant_name_235,-0.36372825503349304,12,-4.364738941192627,registrant_name
patch_same_layer,"CABLE TV FUND 14-B, LTD.",821480_1993.txt_registrant_name_235,-0.35758206248283386,12,-4.290984630584717,registrant_name
patch_random,"CABLE TV FUND 14-B, LTD.",821480_1993.txt_registrant_name_235,-0.36372825503349304,12,-4.364738941192627,registrant_name
clean,UNION TANK CAR COMPANY,100923_1993.txt_registrant_name_186,-1.070905327796936,6,-6.425431728363037,registrant_name
qr_ablate,UNION TANK CAR COMPANY,100923_1993.txt_registrant_name_186,-1.401270866394043,6,-8.407625198364258,registrant_name
patch_qr,UNION TANK CAR COMPANY,100923_1993.txt_registrant_name_186,-1.1514780521392822,6,-6.908867835998535,registrant_name
patch_bottom,UNION TANK CAR COMPANY,100923_1993.txt_registrant_name_186,-1.401270866394043,6,-8.407625198364258,registrant_name
patch_same_layer,UNION TANK CAR COMPANY,100923_1993.txt_registrant_name_186,-1.385648250579834,6,-8.313889503479004,registrant_name
patch_random,UNION TANK CAR COMPANY,100923_1993.txt_registrant_name_186,-1.401270866394043,6,-8.407625198364258,registrant_name
clean,"Continental Can Company, Inc.",103392_1993.txt_registrant_name_171,-0.0003472704265732318,7,-0.0024308927822858095,registrant_name
qr_ablate,"Continental Can Company, Inc.",103392_1993.txt_registrant_name_171,-0.0007807867950759828,7,-0.005465507507324219,registrant_name
patch_qr,"Continental Can Company, Inc.",103392_1993.txt_registrant_name_171,-0.0004582370165735483,7,-0.0032076588831841946,registrant_name
patch_bottom,"Continental Can Company, Inc.",103392_1993.txt_registrant_name_171,-0.0007807867950759828,7,-0.005465507507324219,registrant_name
patch_same_layer,"Continental Can Company, Inc.",103392_1993.txt_registrant_name_171,-0.0007953959866426885,7,-0.005567771848291159,registrant_name
patch_random,"Continental Can Company, Inc.",103392_1993.txt_registrant_name_171,-0.0007807867950759828,7,-0.005465507507324219,registrant_name
