Method,Task,Baseline(K=0),Drop@K=8,Drop@K=16,Drop@K=32,Drop@K=48,Drop@K=64,Drop@K=96,Drop@K=128
QRScore-8B-LME-TRAIN,OVERALL,0.8921,0.0456,0.0664,0.1120,0.2282,0.2033,0.2199,0.3776
QRScore-8B-LME-TRAIN,registrant_name,0.9756,0.0000,0.0000,0.0000,0.0000,0.0244,0.0732,0.1951
QRScore-8B-LME-TRAIN,headquarters_city,0.9286,0.0714,0.1071,0.1786,0.3571,0.3571,0.2143,0.5714
QRScore-8B-LME-TRAIN,headquarters_state,0.8519,0.0000,0.0370,0.0741,0.3333,0.3333,0.3704,0.2963
QRScore-8B-LME-TRAIN,incorporation_state,0.9688,0.0625,0.0625,0.1250,0.1562,0.1562,0.0625,0.2188
QRScore-8B-LME-TRAIN,incorporation_year,0.8667,0.1333,0.1667,0.1000,0.2333,0.2333,0.2000,0.5333
QRScore-8B-LME-TRAIN,employees_count_total,0.9583,0.0417,0.0417,0.1667,0.2917,0.2083,0.6250,0.7083
QRScore-8B-LME-TRAIN,ceo_lastname,0.9429,0.0000,0.0286,0.0571,0.2571,0.1143,0.1429,0.2571
QRScore-8B-LME-TRAIN,holder_record_amount,0.5417,0.0833,0.1250,0.2917,0.3333,0.3333,0.2500,0.4167
QRScore-8B-NQ-TRAIN,OVERALL,0.8921,0.0000,0.0083,0.0415,0.0456,0.0622,0.2905,0.2573
QRScore-8B-NQ-TRAIN,registrant_name,0.9756,0.0000,0.0000,0.0000,0.0000,0.0244,0.1220,0.2683
QRScore-8B-NQ-TRAIN,headquarters_city,0.9286,0.0000,-0.0714,0.0714,0.0714,0.1071,0.2500,0.2857
QRScore-8B-NQ-TRAIN,headquarters_state,0.8519,0.0370,0.0000,-0.0370,-0.0370,0.0370,0.0741,0.0741
QRScore-8B-NQ-TRAIN,incorporation_state,0.9688,0.0625,0.0938,0.0938,0.0625,0.0312,0.1250,0.1562
QRScore-8B-NQ-TRAIN,incorporation_year,0.8667,0.0000,0.0667,0.1667,0.1000,0.0667,0.5333,0.4333
QRScore-8B-NQ-TRAIN,employees_count_total,0.9583,0.0000,0.0000,0.0833,0.0833,0.0833,0.6667,0.3750
QRScore-8B-NQ-TRAIN,ceo_lastname,0.9429,-0.0286,0.0000,0.0000,0.0857,0.1714,0.3143,0.4286
QRScore-8B-NQ-TRAIN,holder_record_amount,0.5417,-0.0833,-0.0417,-0.0417,0.0000,-0.0417,0.3750,-0.0417
QRScore-SEC,OVERALL,0.8921,0.0539,0.1618,0.1369,0.0871,0.0622,0.2905,0.2946
QRScore-SEC,registrant_name,0.9756,0.0000,0.0000,0.0488,0.0244,0.0244,0.0732,0.2195
QRScore-SEC,headquarters_city,0.9286,0.1071,0.2857,0.2500,0.1429,0.0357,0.3214,0.1786
QRScore-SEC,headquarters_state,0.8519,0.0741,0.4074,0.1111,0.0741,0.0741,0.0741,0.0741
QRScore-SEC,incorporation_state,0.9688,0.0938,0.0938,0.1250,0.0625,0.0625,0.1250,0.2188
QRScore-SEC,incorporation_year,0.8667,0.0667,0.1333,0.1333,0.2333,0.2333,0.4333,0.5333
QRScore-SEC,employees_count_total,0.9583,0.0417,0.2500,0.2500,0.1667,0.0417,0.7917,0.5417
QRScore-SEC,ceo_lastname,0.9429,0.0000,0.0571,0.0857,0.0286,0.0000,0.2571,0.3714
QRScore-SEC,holder_record_amount,0.5417,0.0833,0.2083,0.1667,0.0000,0.0417,0.4583,0.2500
Transfer-ceo_lastname,OVERALL,0.8921,0.0083,0.0000,0.0041,0.0249,0.0290,0.0290,0.1411
Transfer-ceo_lastname,registrant_name,0.9756,0.0000,0.0000,0.0000,0.0244,0.0244,0.0488,0.1951
Transfer-ceo_lastname,headquarters_city,0.9286,0.0000,0.0357,0.0357,0.0714,0.0357,0.0000,0.1071
Transfer-ceo_lastname,headquarters_state,0.8519,0.0370,0.0370,-0.0370,0.0000,0.0000,-0.0370,0.0000
Transfer-ceo_lastname,incorporation_state,0.9688,0.0000,0.0000,0.0312,0.0625,0.0938,0.0625,0.0938
Transfer-ceo_lastname,incorporation_year,0.8667,0.0667,-0.0333,0.0667,0.0000,-0.0667,0.0333,0.1667
Transfer-ceo_lastname,employees_count_total,0.9583,0.0000,0.0000,0.0000,0.0000,0.0417,0.0417,0.1667
Transfer-ceo_lastname,ceo_lastname,0.9429,0.0000,0.0000,0.0000,0.0571,0.1143,0.1143,0.1714
Transfer-ceo_lastname,holder_record_amount,0.5417,-0.0417,-0.0417,-0.0833,-0.0417,-0.0417,-0.0833,0.2083
Transfer-employees_count_total,OVERALL,0.8921,0.0124,0.0166,0.0124,0.0705,0.1660,0.3278,0.6722
Transfer-employees_count_total,registrant_name,0.9756,0.0000,0.0000,0.0000,0.0000,0.0244,0.1220,0.3659
Transfer-employees_count_total,headquarters_city,0.9286,0.0000,0.0357,0.0714,0.0714,0.0714,0.3214,0.8214
Transfer-employees_count_total,headquarters_state,0.8519,0.0741,0.0741,0.0000,0.0000,0.0370,0.4074,0.8148
Transfer-employees_count_total,incorporation_state,0.9688,0.0000,0.0000,0.0312,0.1250,0.2500,0.4375,0.8438
Transfer-employees_count_total,incorporation_year,0.8667,0.0667,0.0000,0.0000,0.1000,0.1667,0.4333,0.8333
Transfer-employees_count_total,employees_count_total,0.9583,0.0000,0.0833,0.0417,0.0833,0.1250,0.1250,0.5000
Transfer-employees_count_total,ceo_lastname,0.9429,0.0000,0.0000,0.0000,0.0857,0.4571,0.4286,0.7714
Transfer-employees_count_total,holder_record_amount,0.5417,-0.0417,-0.0417,-0.0417,0.1250,0.1667,0.3750,0.4583
Transfer-headquarters_city,OVERALL,0.8921,0.0913,0.1120,0.0871,0.0498,0.0996,0.3485,0.5643
Transfer-headquarters_city,registrant_name,0.9756,0.0244,0.0000,0.0000,0.0000,0.0244,0.1951,0.3902
Transfer-headquarters_city,headquarters_city,0.9286,0.1429,0.1429,0.1429,0.0714,0.1429,0.3571,0.6429
Transfer-headquarters_city,headquarters_state,0.8519,0.1111,0.3704,0.1111,0.1481,0.1111,0.2963,0.4815
Transfer-headquarters_city,incorporation_state,0.9688,0.0938,0.0625,0.0625,0.0625,0.0625,0.1875,0.2812
Transfer-headquarters_city,incorporation_year,0.8667,0.1667,0.1333,0.1667,0.0333,0.1000,0.3333,0.8000
Transfer-headquarters_city,employees_count_total,0.9583,0.0833,0.0833,0.0833,0.0417,0.0833,0.7083,0.8333
Transfer-headquarters_city,ceo_lastname,0.9429,0.0000,0.0000,0.0000,0.0286,0.1429,0.4000,0.6571
Transfer-headquarters_city,holder_record_amount,0.5417,0.1667,0.2083,0.2083,0.0417,0.1667,0.4583,0.5417
Transfer-headquarters_state,OVERALL,0.8921,0.1079,0.1203,0.1411,0.1203,0.1784,0.1535,0.6100
Transfer-headquarters_state,registrant_name,0.9756,0.0244,0.0000,0.0000,0.0244,0.0244,0.0732,0.4146
Transfer-headquarters_state,headquarters_city,0.9286,0.1429,0.1786,0.2500,0.1786,0.2500,0.2500,0.6786
Transfer-headquarters_state,headquarters_state,0.8519,0.2222,0.2963,0.2222,0.0370,0.1111,0.0741,0.6667
Transfer-headquarters_state,incorporation_state,0.9688,0.0938,0.0938,0.0938,0.0625,0.0938,0.0938,0.3125
Transfer-headquarters_state,incorporation_year,0.8667,0.1667,0.1667,0.1000,0.2000,0.2000,0.1667,0.8000
Transfer-headquarters_state,employees_count_total,0.9583,0.1250,0.1250,0.2500,0.1667,0.1250,0.1250,0.9167
Transfer-headquarters_state,ceo_lastname,0.9429,0.0000,0.0000,0.0286,0.1143,0.3143,0.2857,0.6857
Transfer-headquarters_state,holder_record_amount,0.5417,0.1667,0.2083,0.3333,0.2500,0.3750,0.1667,0.5417
Transfer-holder_record_amount,OVERALL,0.8921,0.0124,0.0249,0.0166,0.0041,0.0747,0.1784,0.2448
Transfer-holder_record_amount,registrant_name,0.9756,0.0000,0.0000,0.0000,0.0000,0.0488,0.2195,0.2927
Transfer-holder_record_amount,headquarters_city,0.9286,0.0000,0.0357,0.0714,0.0357,0.0714,0.1429,0.3214
Transfer-holder_record_amount,headquarters_state,0.8519,0.0370,0.0370,0.0370,-0.0370,0.0370,0.0000,0.0000
Transfer-holder_record_amount,incorporation_state,0.9688,0.0000,0.0000,0.0312,0.0312,0.0625,0.0938,0.2188
Transfer-holder_record_amount,incorporation_year,0.8667,0.0667,0.1000,0.0333,0.1000,0.0667,0.2000,0.1667
Transfer-holder_record_amount,employees_count_total,0.9583,0.0000,0.0000,0.0000,0.0417,0.1250,0.4583,0.6250
Transfer-holder_record_amount,ceo_lastname,0.9429,0.0000,0.0286,0.0000,-0.0286,0.0571,0.1143,0.1714
Transfer-holder_record_amount,holder_record_amount,0.5417,0.0000,0.0000,-0.0417,-0.1250,0.1667,0.2500,0.2083
Transfer-incorporation_state,OVERALL,0.8921,0.0207,0.0249,0.0498,0.0332,0.0788,0.0747,0.1369
Transfer-incorporation_state,registrant_name,0.9756,0.0000,0.0000,0.0000,0.0000,0.0244,-0.0244,0.1220
Transfer-incorporation_state,headquarters_city,0.9286,0.0357,0.0000,0.0357,0.0714,0.0714,0.1071,0.2143
Transfer-incorporation_state,headquarters_state,0.8519,0.0741,0.0741,0.1481,0.0741,0.1111,0.0370,-0.0370
Transfer-incorporation_state,incorporation_state,0.9688,0.0000,0.0312,0.0625,0.0938,0.1250,0.0938,0.0625
Transfer-incorporation_state,incorporation_year,0.8667,0.0333,0.1000,0.1000,0.0667,0.1000,0.1667,0.2000
Transfer-incorporation_state,employees_count_total,0.9583,0.0000,0.0000,0.0000,0.0000,0.1667,0.1250,0.2083
Transfer-incorporation_state,ceo_lastname,0.9429,0.0286,0.0000,0.0286,0.0000,0.0571,0.2857,0.2286
Transfer-incorporation_state,holder_record_amount,0.5417,0.0000,0.0000,0.0417,-0.0417,0.0000,-0.2500,0.0833
Transfer-incorporation_year,OVERALL,0.8921,0.0041,0.0041,0.0207,0.0207,0.0705,0.1618,0.1743
Transfer-incorporation_year,registrant_name,0.9756,0.0000,0.0000,0.0000,-0.0244,0.0000,0.0488,0.1220
Transfer-incorporation_year,headquarters_city,0.9286,0.0000,0.0000,0.0357,0.0357,0.0714,0.1071,0.0714
Transfer-incorporation_year,headquarters_state,0.8519,0.0741,0.0741,0.1111,0.1111,0.0370,0.1111,0.0741
Transfer-incorporation_year,incorporation_state,0.9688,0.0000,0.0000,0.0312,0.0312,0.1250,0.3125,0.4062
Transfer-incorporation_year,incorporation_year,0.8667,-0.0333,0.0000,0.0000,0.0333,0.1000,0.3000,0.3000
Transfer-incorporation_year,employees_count_total,0.9583,0.0000,0.0000,0.0417,0.0000,0.0417,0.0417,0.0000
Transfer-incorporation_year,ceo_lastname,0.9429,0.0000,-0.0286,0.0000,0.0286,0.0286,0.1429,0.1429
Transfer-incorporation_year,holder_record_amount,0.5417,0.0000,0.0000,-0.0417,-0.0417,0.2083,0.2500,0.2500
Transfer-registrant_name,OVERALL,0.8921,0.0290,0.0166,0.0041,0.0373,0.0207,0.3195,0.2905
Transfer-registrant_name,registrant_name,0.9756,0.0000,0.0000,0.0000,0.0488,0.0488,0.2683,0.2683
Transfer-registrant_name,headquarters_city,0.9286,0.0000,0.0000,-0.0357,0.0714,0.0357,0.5000,0.3929
Transfer-registrant_name,headquarters_state,0.8519,0.0741,0.0370,0.0370,0.0370,0.0741,0.4815,0.2222
Transfer-registrant_name,incorporation_state,0.9688,0.0625,0.0625,0.0625,0.0312,0.0312,0.1875,0.1250
Transfer-registrant_name,incorporation_year,0.8667,0.1000,0.0333,-0.0333,0.1333,0.0667,0.2000,0.2000
Transfer-registrant_name,employees_count_total,0.9583,0.0000,0.0417,0.0417,0.0417,0.0000,0.1667,0.4583
Transfer-registrant_name,ceo_lastname,0.9429,-0.0286,-0.0286,0.0286,0.0571,0.0000,0.4286,0.5429
Transfer-registrant_name,holder_record_amount,0.5417,0.0417,0.0000,-0.0833,-0.1667,-0.1250,0.3333,0.0833
